1,1,62,יפו,YAFO
2,1,199,הרצל,HERZL
3,1,161,נחלת בנימין,NAHALAT BINYAMIN
4,1,140,אלנבי,ALLENBY
5,1,70,העליה,HA'ALIYA
6,1,600,יהודה הלוי,YEHUDA HALEVI
7,1,50,לילינבלום,LILIENBLUM
8,1,142,רוטשילד,ROTHSHILD
9,1,58,הכרמל,HA-CARMEL
10,1,48,מונטיפיורי,MONTEFIORE
11,1,144,אחד העם,AHAD HA'AM
12,1,50,קלישר,KALISCHER
13,1,41,גרוזנברג,GRUZENBERG
14,1,79,"מזא""ה",MAZEH
15,1,49,"רמב""ם",RAMBAM
16,1,71,בלפור,BALFOUR
17,1,25,ברנר,BRENNER
18,1,80,שיינקין,SHEINKIN
19,1,49,מרכז בעלי מלאכה,MERKAZ BA'ALEY MALKH
20,1,5,נפחא יצחק,NAPHA
21,1,42,העבודה,HA'AVODA
22,1,29,בר גיורא,BAR GIYORA
23,1,28,ביאליק,BIALIK
24,1,30,הס,HESS
25,1,262,בן יהודה,BEN-YEHUDA
26,1,108,בוגרשוב,BOGRASHOV
27,1,325,הירקון,HAYARKON
28,1,53,צ'לנוב,DR. TCHLENOV
29,1,13,מסילת העולים,MSILAT HA'OIM
30,1,47,שיבת ציון,SHIVAT TSIYON
31,1,82,פרנקל ידידיה,FRENKEL
32,1,62,הקונגרס,HACONGRESS
33,1,86,וולפסון,WOLFSOHN
34,1,99,מטלון,MATALON
35,1,140,לוינסקי,ELHANAN EIB LEVINSKY
36,1,48,פרץ י ל,PERETZ
37,1,68,הגדוד העברי,HAGDUD HAIVRY
38,1,59,נוה שאנן,NAVE SHAANAN
39,1,64,יסוד המעלה,YESUD HAMA'ALA
40,1,33,ראש פינה,ROSH PINA
41,1,39,בני ברק,BNEI BRAK
42,1,22,עין הקורא,EIN HAKORE
43,1,20,ראשון לציון,RISHON LETSIYON
44,1,33,החשמל,HAHASHMAL
45,1,32,לבונטין,LEVONTIN
46,1,4,האור,HAOR
47,1,5,הגינה,HAGINA
48,1,14,ברזילי,BARZILAY
49,1,44,מקוה ישראל,MIKVE YISRAEL
50,1,44,יבנה,YAVNE
51,1,10,"שד""ל",SHEDAL
52,1,7,"רמח""ל",RAMCHAL
53,1,66,יפה בצלאל,YAPHE BETZALEL
54,1,602,בגין מנחם,BEGIN  MENAHEM
55,1,17,טיומקין,TIOMKIN
56,1,67,נחמני,NACHMANI
57,1,14,גולדברג,GOLDBERG
58,1,10,נטר קרל,KARL NETTER
59,1,12,יוחנן בן זכאי,YOHANAN BEN ZAKAY
60,1,30,יוחנן הסנדלר,YOHANAN HASANDLAR
61,1,15,יוסף הנשיא,YOSEF NASSI
62,1,18,אליוט ג'ורג',ELIOT
63,1,6,עין ורד,EYN VERED
65,1,38,פיארברג,FEIERBERG
66,1,20,הגלבוע,HAGILBO'A
67,1,72,"ביל""ו",BILU
68,1,17,לונץ,LUNZ
69,1,127,החשמונאים,HA-HASHMONA'IM
70,1,28,כרמיה,CREMIEUX
71,1,30,מרמורק,MARMOREK
72,1,31,ברדיצ'בסקי,BERDYCZEWSKI
73,1,11,המגיד,HA-MAGID
74,1,14,אנגל,ENGEL
75,1,44,בורוכוב,BORUCHOV
76,1,38,חיות פרץ,HAYOT
77,1,28,"מיכ""ל",MIKHAL
78,1,8,גן מאיר,GAN MEIR SIMTAT
79,1,16,רבנו תם,RABENU TAM
80,1,68,"רש""י",RASHI
81,1,15,המכבי,HAMAKABI
82,1,10,בית לחם,BEYT LEHEM
83,1,18,ברנשטיין כהן,BERNSTEIN COHEN
84,1,54,טרומפלדור,TRUMPELDOR
85,1,73,בר כוכבא,BAR KOCHVA
86,1,18,בוקי בן יגלי,BUKI BEN YOGLI
87,1,18,המליץ,HAME'LIITS
88,1,72,פינסקר,PINSKER
89,1,8,צפת,TS'FAT
90,1,14,טבריה,TVARYA
91,1,16,חברון,CHEVRON
92,1,65,חובבי ציון,HOVEVEY TSIYON
93,5,60,שלום עליכם,SHALOM ALEICHEM
94,1,39,סירקין,SIRKIN
95,1,30,מנדלי מוכר ספרים,MENDELI MOKHER SFARI
96,1,90,פרישמן,FRISHMAN
97,1,28,מאפו,MAPU
98,1,16,סמולנסקין,SMOLENSKIN
99,1,88,גורדון יהודה ליב,GORDON
100,1,51,רופין,RUPPIN
101,1,10,הכרם,HAKEREM
102,1,6,ישורון,YESHURUN
103,1,6,עם ישראל חי,AM YISRA'EL HAY
104,1,28,ארנון,ARNON
105,1,2,טייגר היל,TIGER HILL
106,2,999,"הטיילת ע""ש שלמה להט",HATAYELET MORAD
108,1,15,נס ציונה,NES TSIYONA
109,1,32,אידלסון,IDELSON
110,1,21,הירדן,HAYARDEN
111,1,48,יונה הנביא,YONA HANAVI
112,1,51,גאולה,GE'ULA
113,1,46,הרב קוק,HARAV KOOK
114,1,34,אהרונסון,AHARONSON
115,1,27,זרובבל,ZERUBAVEL
116,1,24,עזרא הסופר,EZRA HASSOFER
117,1,24,נחמיה,NEHEMYA
118,1,35,דניאל,DANIEL
119,1,16,כרמלית,CARMELIT
120,1,18,הלל הזקן,HILLEL HAZAKEN
121,1,24,רבי עקיבא,RABBI AKIVA
122,1,28,רבן גמליאל,RABAN GAMLI'EL
123,1,42,רבי מאיר,RABI MEIR
124,1,32,"האר""י",HA'ARI
125,1,35,אלשיך,ALSHEIKH
126,1,28,בית יוסף,BEYT YOSEF
127,1,22,נג'ארה ישראל,NAGARA
128,1,28,גדרה,GEDERA
129,1,10,השומר,HASHOMER
130,1,23,"רבינוביץ שפ""ר",SHEFER
131,1,46,התבור,HATABOR
132,1,49,מוהליבר,MOHILEVER
133,1,35,"יעב""ץ",YAVETZ
134,1,27,אלחנן יצחק,YITZHAK ELHANAN
135,1,27,השחר,HA-SHAHAR
136,1,33,יבנאל,YAVNE'EL
137,1,25,כנרת,KINERET
138,1,36,מחנה יוסף,MAHANE YOSEF
139,1,51,דגניה,DEGANYA
140,1,53,החרמון,HAHERMON
141,1,48,פינס,PINES
142,1,11,עין גנים,EYN GANIM
143,1,16,רבי יהודה חסיד,RABBI YEHUDA HASID
144,1,16,תחכמוני,TAHKEMONY
145,1,67,שבזי,SHABAZI
146,1,18,התלמי יהושע,YEHOSHU'A HATALMI
147,1,16,ראשונים,RISHONIM
148,1,15,מולכו שלמה,SH. MOLKHO
149,1,4,מולכו,MOLCHO
150,1,24,מטולה,METULA
151,1,35,אחווה,ACHVA
152,1,44,שלוש,A. CHELOUSHE
153,1,24,מגדל,MIGDAL
154,1,18,"חברת ש""ס",HEVRAT SHAS
155,1,23,אלעזר (רוקח),EL'AZAR
156,1,35,שמרלינג,SHMERLING
157,1,39,עין יעקב,EYN YA'KOV
158,1,18,כל ישראל חברים,KOL YISRAEL HAVERIM
159,1,9,יחיאלי,YEHI'ELI
160,1,22,באר יעקב,BE'ER YA'AKOV
161,1,32,ברנט,BARNET
162,1,55,אמזלג,HAYIM AMZALAG
163,1,40,רוקח שמעון,ROKACH
164,1,47,שטיין,MENAHEM STEIN
165,1,38,כפר סבא,KFAR SABA
166,1,26,שרעבי,SH. SHAR'ABI
167,1,26,בוסתנאי,BUSTANAY
168,1,33,אלרואי,DAVID ALRO'I
169,1,34,נוה שלום,NEVE SHALOM
170,1,36,רענן,RA'ANAN
171,1,28,מרכלת,MARKOLET
172,1,33,מזרחי,MIZRAHI
173,1,87,הקישון,HAKISHON
174,1,48,כפר גלעדי,KFAR GIL'ADI
175,1,25,המשביר,HAMASHBIR
176,1,50,השוק,HASHUK
177,1,8,השוק,HASHUK SIMTAT
179,1,22,מרחביה,MERHAVYA
180,1,50,זבולון,ZVULUN
181,1,59,החלוצים,HACHALUTSIM
182,1,24,דה פיג'וטו,DE PICCIOTTO
183,1,18,גת רימון,GAT RIMON
184,1,5,לשם,LESHEM
185,1,7,בית הבד,BEYT HABAD SIMTAT
186,1,10,ורבורג,WERBURG
187,1,344,דיזנגוף,MEIR DIZENGOFF
188,1,37,הנביאים,HANEVI'IM
189,1,44,זמנהוף,ZAMENHOFF
190,1,91,יהושע בן נון,YEHOSHU'A BEN NUN
191,1,109,שלמה המלך,SHLOMO HAMELEKH
192,1,30,נצח ישראל,NETSAH YISRA'EL
193,1,200,ארלוזורוב,ARLOZOROV
194,1,999,ז'בוטינסקי,JABOTINSKY
195,1,58,בזל,BASEL
196,1,107,סוקולוב,SOKOLOV
197,7,103,נורדאו,NORDAU
198,1,49,עמוס,AMOS
199,1,223,ירמיהו,YIRMIYAHU
200,1,500,הרברט סמואל,SAMUEL
201,1,34,זכריה,ZECHARYA
202,1,104,אוסישקין,USSISHKIN
203,1,12,התערוכה,HATARUCHA
204,1,98,בן גוריון,BEN GURION
205,1,34,"כ""ג יורדי הסירה",KAF-GIMEL YORDI HASI
206,1,14,הבשן,HABASHAN
207,1,64,ישעיהו,YESHA'YAHU
208,1,7,חגי,CHAGAI
209,1,33,יוחנן הורקנוס,HURKANOS
210,1,49,שמעון התרסי,SHIM'ON HATARSI
211,1,8,אגריפס,AGRIPAS
212,1,26,אלכסנדר ינאי,ALEXANDER YANA'I
213,1,6,היל,HILL
214,1,48,יחזקאל,YECHEZKE'EL
215,1,8,יואל,YO'EL
216,1,10,עובדיה הנביא,OVADYA HANAVI
217,1,16,מלאכי,MAL'AKHI
218,1,72,נמל תל אביב,NAMEL TEL AVIV
219,1,4,מיכה,SIMTAT MICHA
220,1,12,נחשון,NAHSHON
221,1,25,הושע,HOSHW'A
222,1,11,שער ציון,SHA'AR TSIYON
223,1,1,פלומר,PLUMAR KIKAR
224,1,4,צפניה,TZAPHANYA
225,1,12,חבקוק,HAVAKUK
226,1,8,עין גדי,EYN GEDI
227,1,8,הגלעד,HAGIL'AD
228,1,19,הר נבו,HAR NEVO
229,1,9,יריחו,YERIHO
230,1,28,אשתורי הפרחי,ASHTORI HA-PARHI
231,1,7,אלקלעי,ALKALA'I
232,1,24,עובדיה מברטנורה,OVADYA MIBERTENURA
233,1,15,"השל""ה",HASHLAH
234,1,10,אייבשיץ,IBESHITZ
235,1,8,עמדן יעקב,AMDAN
236,1,30,זנגביל,ZANGWILL
237,1,31,מנדלשטם,MANDELSTAMM
238,1,5,זנגביל,SIMTAT ZANGWIL
239,1,11,עזריה מן האדומים,AZARYA
240,1,30,מוצקין,MOTZKIN
241,1,11,טהון יהושע,THON
242,1,6,יפה נוף,YAPHE NOF
243,1,28,ויתקין,VITKIN
244,1,5,מנדלשטם,SIMTAT MANDELSTAM
245,1,26,מיכה,MICHA
246,1,33,נחום,NAHUM ISH-GAMZU
247,1,11,גריזים,GRIZIM
248,1,22,פקיעין,PEKI'IN
249,1,39,קאפח יחיה,YIHYE
250,1,29,זלטופולסקי,ZLATOPOSKI
251,1,10,הלפרין,MICHAEL HALPERIN
252,1,5,בן יהודה,SIMTAT BEN-YEHODA
253,1,5,החובבים,SIMTAT HACHOVEVIM
254,1,11,וילנא,WILNA
255,1,14,פראג,PRAG
256,1,16,פרנקפורט,FRANKFURT
257,1,6,התניא,HATANYA
258,1,27,"מהר""ל",MAHARAL
259,1,15,"חת""ם סופר",HATAM SOFER
260,1,27,לוי יצחק,LEVI YITSCHAK
261,1,41,ארבע ארצות,ARBA ARATSOT
262,1,4,"נ""ס",SIMTAT NESS
263,1,10,קורדובה,CORDOBA
264,1,17,וורמיזה,VERMIZA
265,1,30,אמסטרדם,AMSTERDAM
266,1,30,עמנואל הרומי,EMANUEL HAROMI
267,1,6,בחור אליהו,ELIYAHU BACHUR
268,1,16,קלונימוס,KLONIMUS
269,1,18,הפרדס,HAPARDES
270,1,21,בן עזרא,BEN-EZRA
271,1,27,הקליר,HAKALIR
272,1,19,אלחריזי,ALCHERIZI
273,1,4,"יל""ג",SIMTAT YELAG
274,1,10,שמואל הנגיד,SHMU'EL HANAGID
275,1,21,הדסה,HADASSA
276,1,28,ויזל,WEISEL
277,1,11,ליברמן,LIBERMAN
278,1,8,"יהל""ל",YEHALEL
279,1,75,"אד""ם הכהן",ADAM HAKOHEN
280,1,25,מצדה,MEZADA
281,1,28,באר טוביה,BE'ER TUVIYA
282,1,26,גוש חלב,GUSH-CHALAV
283,1,4,יודפת,YODFAT
284,1,13,חולדה,HULDA
285,1,7,"שי""ר",SHIR
286,1,20,גרץ,GRAETZ
287,1,25,"רנ""ק",RANAK
288,1,4,יוסט,JOST
289,1,8,וייס איזיק הירש,WEIIS IZIK HIRSH
290,1,28,ברנשטיין אדוארד,BERNSTEIN
291,1,26,לסל,FERDINAND LASSALLE
292,1,24,אהרון דוד גורדון,AHRON DAVID GORDON
293,1,23,ביירון,BYRON
294,1,20,ז'ורס ז'אן,JEAN JAURES
295,1,6,קורולנקו,KOROLENKO
296,1,32,זולא אמיל,ZOLA EMILE
297,1,20,נתן החכם,NATHAN HEHAKHAM
298,1,23,הירשנברג,HIRSCHENBERG
299,1,15,"ש""ץ",SHATZ
300,1,5,עמוס,AMOS SIMTAT
301,1,24,גוטליב,GOTTLIEB
302,1,41,שפינוזה,SPINOZA
303,1,18,כהן הרמן,CHOEN HERMAN
304,1,35,יום טוב,YOMTOV
305,1,10,מנדלסון,MENDELSO'HN
306,1,10,פילון,FILON
307,1,10,גזר,GEZER
308,1,8,מצפה,MITSPE
309,1,12,לכיש,LACHISH
310,1,500,מלכי ישראל,MALCHEY ISRAEL
311,1,15,מגידו,MEGIDDO
312,1,25,ישראליס,YISRA'ELS
313,1,44,פרוג,FRUG
314,1,13,"של""ג",SHALAG
315,1,17,יהואש,YEHO'ASH
316,1,13,לוריא,LURIE
317,1,12,גליקסון,GLICKSON
318,1,13,אהרונוביץ,AHARONOVITCH
319,1,16,בן עמי,BEN AMI
320,1,9,בילינסון,BEILINSON
321,1,12,דרויאנוב,DRUYANOV
322,1,10,גנסין,GENSSIN
323,1,64,ריינס,REINESS
324,1,17,אסתר המלכה,ESTHER HAMALKA
325,1,16,רות,RUTH
326,1,10,יעל,YA'EL
327,1,15,שולמית,SHULAMIT
328,1,27,שטנד,STAND
329,1,8,רייך,REICH
330,1,27,מאנה,MANNE
332,1,8,לטריס,LETRIS
333,1,2,333,
334,1,44,השופטים,HA-SHOFTIM
335,1,14,גדעון,GIDE'ON
336,1,13,שמשון הגיבור,SHIMSHON HAGIBOR
337,1,59,"ח""ן",HEN
339,1,8,האלקושי,ALKOSHY
340,1,10,רוזנבאום,ROSENBAUM
341,1,19,יוסף אליהו,YOSEF ELIAHU
342,1,20,לוין שמריהו,SHAMRYAHU LEWIN
343,1,17,"תרס""ט",TARSAT
344,1,24,הוברמן,HUBERMAN
345,1,22,ספיר אליהו,SAPHYR
346,1,7,עמרם גאון,AMRAM GA'ON
347,1,21,שפירא צבי הרמן,SHAPIRA HERMAN
348,1,29,חיסין,CHISSIN
349,1,6,לב אברהם,LEV AVRAHAM
350,1,34,בן ציון,BEN TSIYON
352,1,6,לאן ב',LE'AN BET
353,1,16,עין חרוד,EYN HAROD
354,1,12,תל חי,TEL HAY
355,1,2,355,
356,1,2,356,
357,1,8,אימבר,IMBER
358,1,22,בר אילן,BAR ILAN
359,1,22,חיים ואלישע,HAYIM VE'ELISHA
360,1,8,שבע השקמים,SHEVA HASHIKMIM
361,1,70,מלצ'ט,MELCHETT
362,1,18,ברוק,BRUK
363,1,21,שניאור זלמן,SCHNEUR SALMAN
364,1,5,הר סיני,HAR SINAI
365,1,20,בית השואבה,BEYT HASHO'EVA
366,1,8,גור אריה,SIMTAT GUR ARYE
367,1,4,הבימה,KIKAR HABIMA
368,1,48,"מל""ן",MALAN
369,1,10,"רבינוביץ שפ""ר",SHEFER
370,1,15,צדוק הכהן,TZADOK
371,1,20,התבור,HATABOR
372,1,32,לפין,LAPIN
373,1,15,עצמון,ATSMON
374,1,78,הרכבת,HARAKEVET
375,1,20,יון מצולה,YEVEN METSULA
376,2,47,"ריב""ל",RIVAL
378,1,45,ישכון,YISHKON
379,1,24,אוליפנט,OLIPHPANT
380,1,21,כורש,KORESH
381,1,25,קרית ספר,KIRYAT SEFER
382,1,22,חכמי דוד,HACKMEY
383,2,9,אלישברג,ELIASHBERG
384,1,41,"הגר""א",HAGHARA
385,1,16,הנגב,HANEGEV
386,1,23,השרון,HASHARON
387,1,10,איילת השחר,AYELET HASHAHAR
388,1,6,השפלה,ASHFELA
389,1,28,סלומון,SALOMON
390,1,30,איגר,EGER
391,1,15,ארלנג'ר,ERLANGER
392,1,13,פיין,FEIN
393,1,20,מירון,MIRON
395,1,22,ענתבי,ANTEBI
396,1,42,חבשוש חיים,CHAYIM
397,1,24,חזנוביץ,CHAZANOVITCH
398,1,15,מולדת,MOLEDET
399,1,27,מנשה בן ישראל,MENASHE BEN YISRA'EL
400,1,123,הר ציון,HAR TSIYON
402,1,38,אליקום,PROF. ELUAKUM
403,6,6,ב' בנובמבר,02-נובמבר
404,6,6,מגן דוד,MAGEN DAVID
405,6,6,המושבות,HAMOSHAVOT KIKAR
406,1,107,המלך ג'ורג',HA-MELEKH GEORGE
407,1,11,יעקב,MISHEOL YA'AKOV
408,1,16,צינה דיזנגוף,ZINA
409,1,57,לבנדה,LEVANDA
410,1,93,הכובשים,HAKOVSHIM
411,1,10,מודיעין,MODI'IN
412,1,6,היכל התלמוד,HE'ICHAL HATALMUD
413,1,41,נוה צדק,NEVE ZEDEK
414,1,177,שלמה,SHALMA
415,1,31,צמח דוד,TSEMACH DAVIV
416,1,7,שטראוס,STRAUSS
417,1,4,לאן א',LE'AN ALEF
418,1,12,מסילה א',MSILA ALEF
419,1,5,נס ציונה,NES TSIYONA
420,1,18,מסילה ב',MSILA BET
421,1,8,421,
422,24,30,השנית,HA-SHANIT
424,1,21,מסריק,MASARYK
425,1,8,פלונית,PLONIT SIMTAT
426,1,8,אלמונית,ALMONIT SIMTAT
427,1,6,אלו מציאות,ELU METSIOT
428,1,27,גני התערוכה הישנים,
429,1,5,429,
430,1,33,אלישיב,ELYASHIV
431,1,38,נחליאל,NAHALIEL
432,1,35,כנפי נשרים,KANFEY NESHARIM
433,1,40,קהילת עדן,KEHILAT ADEN
434,1,29,כרם התימנים,KEREM HATEYMANIM
435,2,6,הכנסת,HAKNESET KIKR
437,1,8,אחוזת בית,ACHUZAT BAYIT
438,1,37,סעדיה גאון,SAADIYA GAON
439,6,6,המלך אלברט,HAMELEKH ALBERT
440,1,7,440,
441,1,9,הגליל,HAGALIL
442,1,14,אלוף בצלות,SIMTAT ALUF BATSLUT
443,1,7,443,
444,1,1,444,
445,1,49,קפלן אליעזר,KAPLAN
446,1,7,בית החיים,BEYT HAHAYIM SIMTAT
448,1,8,תחכמוני,SIMTAT TACHEMONI
449,1,10,החרמון,SIMTAT HACHERMON
450,1,7,שבזי,SHABAZI
451,1,505,הרב גורן שלמה,RABBI SHLOMO GOREN
452,1,17,נוה צדק,SIMTAT NEVE TSEDEK
453,1,49,"איל""ן",ILAN
454,1,98,454,
457,1,5,מגדל,MIGDAL SIMTAT
458,1,10,זיו רבקה,ZIV
459,1,41,החרש,HECHARASH
460,1,178,ההגנה,DERECH HA'HAGANA
462,1,35,צייטלין,ZEITLIN
463,1,11,463,
464,1,9,השומרון,HASHOMRON
465,1,23,עכו,AKKO
467,1,8,המלאכה,HAMELACHA
468,1,29,הצפירה,HATSFIRA
470,1,1,470,
472,1,137,ויצמן,WEIZMAN
473,1,14,פריש דניאל,FRISCH
475,1,84,המסגר,HAMASGER
476,1,43,קרליבך,KARLIBACH
477,1,74,בני דן,BNEI DAN
478,1,76,פנקס דוד צבי,PINKAS
479,1,2,479,
481,1,57,דוד המלך,DAVID HAMELLECH
482,1,900,גבעת התחמושת,GIV'AT HATTAHMOSHET
483,1,9,נורדאו,SIMTAT NORDAU
484,1,33,גבולות,GVULOT
486,1,23,מוסנזון בן-ציון דר',MOSSINSON
487,1,31,שור משה פרופ',SHOR
488,1,24,ילין דוד,DAVID YELLIN
489,1,19,אפשטיין יצחק,EPSTEIN
490,1,16,מוזר יעקב,MOSER
491,1,75,שלומציון המלכה,SHLOMTZION
492,1,13,פינלס,PINELES
493,1,19,בובליק,BUBLIK
494,1,68,שטריקר,STRICKER
496,1,718,אבן גבירול,IBN GVIROL
497,1,600,על פרשת דרכים,ALPARASHAT DRAKEIM
498,1,44,"תרמ""ב",TARMAV
499,1,28,יגיע כפיים,YEGIA KAPAYIM
500,1,51,ברנדיס,BRANDEIS
501,1,51,בודנהיימר,BODENHEIMER
502,1,97,יהודה המכבי,YEHUDA HAMAKABI
503,1,16,בילטמור,BILTMOR
504,1,16,צידון,ZIDON
505,1,26,הלסינקי,HELSINKI
506,1,36,הוז דב,HOS DOV
507,1,18,סנהדרין,SANEHEDRIN
508,1,30,דה האז,DE-HAAS
509,1,47,לינקולן,LINCOLN
510,1,48,מרשל לואי,LOUIS MARSHAL
511,1,26,איסרליש,ISSERLES
512,1,32,קארו יוסף,CARO
513,1,36,יהודית,YEHUDIT SDEROT
514,1,34,בית הלל,BET HILEL
515,1,50,גרשון שץ גגה,GERSHON
516,1,45,"ב""ק ישראל",BAK
517,1,20,האחים מסלאויטה,HA-AHIM MISLAVITA
518,1,44,ילין מור נתן,MOR
519,1,43,"הנצי""ב",HANATSIV
520,1,16,בית שמאי,BET SHAMA'I
523,1,38,הציונות,HATZIONUT
524,1,21,פייבל,PAIBEL
525,1,20,קליי,KLEE
526,1,13,גור יהודה,GUR
527,1,31,ליסין,LIESIN
530,1,14,זלוציסטי,ZLOCISTI
531,1,8,גלוסקין,GLUSKIN
532,1,14,התעשיה,HATA'ASIYA
533,1,666,שדה יצחק,SADEH
534,1,8,פולד ברכה,POLD
536,1,9,טוסקניני,TOSCANINI
537,1,36,המעפילים,HAMA'APILIM
538,1,34,אני מאמין,ANI MA'AMIN
539,1,33,הפרטיזן היהודי,HAPARTIZAN
540,1,82,גוש עציון,GUSE ETSYON
541,1,42,רמברנדט,REMBERANDT
542,1,6,אבן ג'נאח,IBN JANAH
543,1,27,בן סרוק,BEN SARUK
544,1,50,בלוך דוד,BLOCH
545,1,25,אנטוקולסקי,MARK ANTOKOLSKI
546,1,29,סוטין,SOUTINE
547,1,21,שטרוק,STRUCK
548,1,13,ליליאן,LILIEN
549,1,27,שלוש,SHELOUCHE
551,1,13,זטורי משה,M. ZATORY
552,1,18,רב צעיר,RAV TSAIR
553,1,51,הילדסהיימר,HILDMEISTER
554,1,53,ועידת קטוביץ,VE'IDAT KATOWITZ
555,1,53,פרידמן,FRIDMAN
556,1,41,צירלסון,ZIRELSON
557,1,33,בני משה,BNEY MOSHE
558,1,15,שלזינגר,SHLESINGER
559,1,12,בירנבוים,BIRNBAUM
560,1,12,ניסנבוים,NISSENBAUM
561,1,38,עמיאל,AMIEL
562,1,8,רילף יצחק,RUELF
563,1,26,סמאטס,SMUTTS
564,1,10,בלקינד,BELKIND
565,1,13,חנקין,YEHOSHUA HANKIN
566,1,88,שרת משה,SHARET
567,2,76,הא באייר,HEH B'IYAR
569,1,59,עקיבא אריה,AKIVA ARYE
570,1,22,זכרון יעקב,ZIKHRON YA'AKOV
571,1,13,חברה חדשה,HEVRA HADASHA
572,1,15,חדרה,HADERA
573,1,10,מטמון כהן,MATMON
574,1,14,"תש""ח",TASHAH
575,1,8,"רד""ק",RADAK
576,1,22,בן-לברט,
578,1,21,בן שפרוט,BEN SHAPRUT
579,1,38,מרים החשמונאית,MIRYAM HAHASH'MON'IT
580,1,17,אנטיגונוס,ANTIGONOS
581,1,12,חוני המעגל,HONI HAME'AGEL
582,1,18,מתתיהו כהן גדול,MATITYAHU CHOEN GADO
583,1,10,יוחנן הגדי,YOHANAN HAGADI
584,1,47,הזוהר,HASOHAR
588,2,27,הנשיאים,HANS'IIM
589,1,993,589,
594,1,20,ויסוצקי,WISSOTZKY
597,1,24,הכנסת הגדולה,HAKNESET HAGDOLA
598,1,17,המשנה,HAMISHNA
599,1,18,ירושלמי,YERUSHALMI
600,1,49,בבלי,BAVLI
601,1,15,תוספתא,TOSEFTA
609,1,18,בן סירא,BEN SIRA
610,1,17,אונקלוס,ONKELOS
613,1,2,613,
614,1,2,614,
615,1,2,615,
620,2,44,מורדי הגטאות,MORDEY HAGETA'OT
622,1,64,אנילביץ מרדכי,ANILEVICH
623,1,5,בריינין ראובן,BRAININ
624,1,2,גבעת המורה,GIV'AT HAMOREH
625,1,25,החותרים,HACHOTRIM
626,1,50,יציאת אירופה,YETSIAT EUROPA
627,1,20,בית ירח,BEYT YARAH
628,1,15,וילסון,WILSON
629,1,20,בית אלפא,BEYT ALPHA
630,1,26,תושיה,TUSHIYA
631,1,16,סטרומה,STRUMA
632,1,3,632,
633,1,8,התשעים ושלוש,HATISH'IM VESHALOSH
634,1,33,מרגולין,MARGOLIN
635,1,95,לה גוארדיה,LA-GUARDIA
636,1,34,וינגייט,WINGATE
637,1,41,יד לבנים,YAD LABANIM
638,1,4,חניתה,CHANITA
639,1,4,בית קשת,BEYT KESHET
640,1,39,"החי""ל",HAHAYIL
641,1,9,סנש חנה,CHANA SENESCH
642,1,26,ווג'ווד,WOODGWOOD
643,1,12,פטרסון,PATTERSON
644,1,172,אלון יגאל,YIG'AL ALLON
645,1,11,קיש,KISH
646,1,36,מונאש,MONASH
647,1,62,לוחמי גליפולי,LOHAME GALLIPOLI
648,1,29,שונצינו,SONCINO
649,1,10,שטיבל,SHYTBEL
650,1,16,טברסקי,TABERSKY
651,1,10,רבניצקי,RAVNITSKI
652,1,19,שאר ישוב,SHE'AR YASHUV
653,1,28,בן אביגדור,BEN AVIGDOR
654,1,10,רייק חביבה,CHAVIAV REIK
655,1,4,קיסריה,CAESARIA
656,1,9,"איתמר בן אב""י",ITAMAR BEN AVI
658,1,23,שפרינצק,SHPRINTZAK
659,1,38,מנדלר אלברט,MENDLER
661,1,39,דובנוב,DUBNOV
662,1,9,לויד ג'ורג',LLOYD GEORGE
663,1,19,קצנלסון יצחק,KATZNELSON
664,1,32,הארבעה,HA'ARBA'AH
665,1,8,חכמי קירואן,HAKHME QAIRUAN
666,1,4,666,
667,1,4,דוליצקי,DOLITSKI
668,1,2,668,
670,1,18,האומנים,HA'UMANIM
671,1,56,בארי,BE'ERI
672,1,19,נהרדעא,NEHARDEA
673,1,29,סולד הנרייטה,SZOLD HENRIETTA
674,1,10,גליצנשטיין,GLITZENSTEIN
675,1,22,מודיליאני,MODIGLIANI
676,1,28,פומבדיתא,PUMBADITA
677,1,18,פישמן מימון,FISHMAN-MAIMON
678,1,16,לסר אורי,LESSER URI
679,1,37,בצלאל,BETSAL'EL
680,1,10,שילה,SHILO
681,1,14,"היוצ""ר",HAYOTZER
683,1,17,יד חרוצים,YAD-HARUTSIM
685,1,27,שבח,SHEVACH
687,1,9,יונתן הופסי,YONATAN HAVAFSI
688,1,10,אלעזר החורני,ELAZAR HAHOANY
689,1,10,אריסטובול,ARISTOBOL
690,1,15,בית עובד,BEYT OVED
691,1,39,נחל איילון,NACHAL AYALON
692,1,4,התרסי,HATARSI
693,1,2,693,
694,1,9,המקצוע,HAMIKTSO'A
695,1,1,695,
699,1,15,הרכב,HAREKHEV
700,1,40,נחלת יצחק,NAHALT YITZHAK
701,1,53,עלית הנוער,ALIYAT HANO'AR
702,1,54,עמק ברכה,EMEK BERAKHA
703,2,35,ברוריה,BRURYA
704,1,30,ערבי נחל,ARVEY NAHAL
705,1,11,בן שמן,BEN-SHEMEN
706,1,8,גינוסר,GENOSAR
707,1,7,בוקסנבאום יוסף,BOXENBAUM YOSEF
708,1,8,מנורת המאור,MENORATH HAMORY
709,1,9,עין זיתים,EYN ZEYTIM
710,1,13,מיטב,MEYTAV
711,1,2,711,
712,1,28,חפץ חיים,HAPHETZ HAYIM
713,1,12,חיי אדם,HAYEY ADAM
716,1,12,יבוק,MA'AVAR YABOK
717,1,15,שביל החלב,SHVIL HEHALAV
718,1,17,פרי מגדים,PERI MEGADIM
719,1,19,פרחי אביב,PIRHEY AVIV
720,1,24,נהלל,NAHALAL
721,1,16,ילקוט הרועים,YALKUT HARO'IM
722,1,28,זימן יוסף,ZIMAN
723,1,22,תוצרת הארץ,TOTSERET HA'ARETS
725,1,16,פאת השולחן,PE'AT HASHULHAN
728,1,18,יקנעם,YOQNE'AM
729,1,46,ההשכלה,HAHASKALLA
730,1,500,השלום,HASHALM
731,1,31,הגבורה,HAGVURAH
732,1,4,שפירא ישראל,SHAPIRA
733,1,70,עמישב,AMISHAV
734,1,34,גונן,GONEN
741,65,104,המאבק,HAMA'AVAK
744,1,128,הטייסים,HATASSIM DERAKH
746,1,35,ברנפלד שמעון,BERNFELD
747,1,31,רייפמן,HARAV REIFMAN
748,1,6,הפורצים,HAPORTSIM
749,1,6,שער הגיא,SHA'AR HAGAI
750,1,35,הורודצקי,HORODETZKY
752,1,20,התמר,HATAMAR
753,1,20,הרימון,HARIMON
754,1,20,הגפן,HAGEFEN
755,1,20,הזית,HAZAYIT
756,1,18,התאנה,HAT'EENA
757,1,41,דפנה,DAFANA
758,2,167,דיין משה,MOSHE DAYAN
759,1,47,דם המכבים,DAM HAMAKABIM
760,1,38,פליטי הספר,PLITE'I HASFAR
761,1,63,ניר עם,NIR AM
762,1,36,האספרגוס,ASSPARAGUS
763,1,64,היסמין,HAYASMIN
764,1,11,החצב,HEHATZAV
765,1,16,הצפורן,HATSIPOREN SHVIL
766,1,46,הדמומית,HADMUMITH
767,1,57,הרקפת,SHVIL HARAKEFET
768,1,36,החרצית,HACHARTSIT
769,1,20,הפרגים,HAPRAGIM
770,1,20,הצבר,HATSABAR
771,1,20,הכלנית,HAKALANIT
772,1,19,זכריני,ZICHRINI
773,1,20,הניצנים,HANITSTNIM
774,1,12,הנרקיס,HNARKIS
776,1,12,הצלף,HATSALAF
777,1,13,בן זאב,BEN ZE'EV
778,1,50,בצרון,BITSARON
779,1,46,עמינדב,AMINADAV
781,1,29,סירני חיים,SIRENI
782,1,32,עיינות,AYANOT
783,1,59,טשרניחובסקי,TCHERNIKHOVSKY
784,1,11,ראם,RAM
785,1,34,אלעזר דוד,ELAZAR
786,1,16,עין דור,EYN DOR
787,1,28,לסקוב חיים,LASKOV
788,1,41,שאול המלך,SAUOL HAMELEKH
789,1,7,הפטמן,YOSEF HEFTMAN
790,1,35,חומה ומגדל,HOMA UMIGDAL
791,1,25,ינון,YINON
794,1,15,השלושה,
795,1,12,חרוץ,CHARUTS
796,1,12,נירים,NIRIM
797,1,16,קרמניצקי,KREMENETZKY
798,1,12,הסוללים,HASSOLELIM
799,1,8,תובל,TUVAL
800,1,956,נמיר מרדכי,NAMIR
801,2,319,בני אפרים,BNEY EFRAYIM
802,1,106,רוזן פנחס,ROSEN
803,1,501,ולנברג ראול,VALENBERG
804,1,60,רפידים,REFIDIM
805,1,60,שלונסקי אברהם,SHLONSKY
806,1,82,מבצע קדש,MIVZA KADESH
807,1,127,משמר הירדן,MISHMAR HAYARDEN
808,1,43,רומנו מרדכי,ROMANO
809,1,20,רוזאניס,ROSANES
810,1,35,מיזאן,MEYZAN
811,1,13,הרבסט קרול,KERL HERBST
812,1,50,קהילת סופיה,QEHILLAT SOFIA
813,1,108,מגדל שרשן,MIGDAL SHORSHAN
814,1,40,אופיר,OFIR
815,1,44,אוגרית,OGARIT
816,1,19,קפריסין,KAFRISIM
817,1,26,קדש ברנע,QADESH BARNEA
818,1,1,818,
819,1,28,הדר יוסף,HADAR YOSEF
820,1,70,קהילת לודג',KEHILAT LODZ
821,1,107,קהילת ורשה,KEHILAT WARSHA
822,1,38,קהילת לבוב,QEHILAT LVOV
823,1,26,קהילת ריגא,KEHILAT RIGA
824,1,14,קהילת טשרנוביץ,KEHILAT CZERNOWITZ
825,1,35,יד המעביר,YAD HAMMA'AVIR
826,1,21,קהילת בודפסט,KEHILAT BUDAPEST
827,1,23,קהילת יאסי,KEHILAT YASSI
828,1,17,קהילת קישינוב,KEHILAT KISHENOV
829,1,61,פתחיה מרגנשבורג,PETAHYA MEREGENSBURG
830,1,22,אלדד הדני,ELDAD HADANI
831,1,67,בנימין מטודלה,BINYAMIN MITODELO
832,1,28,חילו יצחק,HILU
833,1,42,רומנילי,ROMANILI
834,1,40,אבן ספיר,EVEN SAPIR
835,1,63,תבואות הארץ,TEVUOT HA'ARETS
836,1,45,דילה רינה יוסף,YOSEPH
837,1,40,אליהו מפרארה,ELIAHU MEFERARA
838,1,92,אשכנזי,ASHKENAZI
839,1,11,טורקוב זיגמונד,TURKOV
842,1,100,"צה""ל",TSAHAL
843,1,14,קהילת קראקוב,KEHILAT KARAKOV
844,1,14,קהילת ביאלסטוק,KEHILAT BIALISTOK
845,1,10,קהילת בריסק,KEHILAT BRISK
846,1,13,באסולה,BASSULA
847,1,42,קהילת אודסה,KEHILAT ODESSA
848,1,31,קהילת ונציה,KEHILAT VENEZIA
850,1,18,קהילת סלוניקי,KEHILAT SALINIKI
851,1,32,קהילת פאדובה,KEHILAT PADOVA
852,1,17,מסקין אהרון,MESKIN
853,1,13,בית חורון,BEYT HORON
854,1,34,עמרי,OMRI
855,1,9,חצור,HATSOR
856,1,8,856,
857,1,19,מויאל אהרון,MOYAL
858,1,28,טולקובסקי,TOLKOVSKI
859,1,28,קהילת קיוב,KEHILAT KIYOV
860,1,40,שוהם מתתיהו,SHOAM
861,1,7,גילת,GILAT
862,1,8,גניגר,GINEGAR
863,1,6,געתון,GATTON
864,1,8,גרופית,GROFIT
865,1,27,פומרוק יוסף,POMROCK
866,1,6,פרידלנד צבי,FRIEDLAND
867,1,25,ארם משה,ARAM
870,1,128,דבורה הנביאה,DVORA HANEVI'A
871,1,14,ברטונוב יהושע,BERTONOFF
872,1,13,צ'מרינסקי ברוך,CHEMERINSKY
873,1,32,הזז חיים,HAZAZ
874,1,15,וולמן יהודה,WOHLMAN
875,1,44,רביבים,REVIVIM
876,1,20,תירוש,TIROSH
877,1,50,כיסופים,KISUPHIM
878,1,25,אמירים,AMIRIM
881,1,30,מנורה,MENORA
882,1,40,רוממה,ROMEMA
883,1,87,המצביאים,HAMATSBI'IM
884,1,16,מרק יעקב,HARAV MARK
885,1,53,יהונתן,YEHONATAN
886,1,43,שמגר,SHAMGAR
887,1,34,בת יפתח,BAT YIFTACH
888,1,43,ברק,BARAK
889,1,4,בת חן,BAT CHEN
890,1,40,אבנר,AVNER
891,1,37,אהוד,EHUD
892,1,6,אמנון ותמר,AMNON VETAMAR
893,1,8,מרגנית,MARGANIT
894,1,6,הרדוף,HARDUF
895,1,6,נורית,N'URIT
896,1,8,סביון,SAV'YON
897,1,33,יואב,YO'AV
898,1,22,אבישי,AVISHAI
899,1,28,עשהאל,ASA'EL
900,1,50,בניהו,BENAYAHU
901,1,64,הפרסה,HAPARSA
902,1,38,הברזל,HA-BARZEL
903,1,99,"ק""ם",KAM
904,1,45,הלמד הא,HA LAMED HEH
905,1,20,מרכוס דוד,MARKUS
906,1,8,טורטשינר,TORCZYNER
907,1,2,פרלשטיין פסיה ויעקב,PERLSTEIN YAACOB & PESSIA
908,1,21,רבדים,REVADIM
909,1,26,הטית זין,HA-TET-ZAYIN
910,1,16,עטרות,ATAROT
911,1,18,הראל,HAR'EL
912,1,2,912,
913,1,16,רמות נפתלי,RAMOT NAFTALI
914,1,144,הגולן,HAGOLAN
915,1,24,הרוגי מלכות,HARUGEY MALKHOT
916,1,19,ביריה,BIR'YA
917,1,23,"גדנ""ע",GADNA
918,1,11,ניסן כהן,NISSON KAHAN
919,1,22,רוזוב,ROZOV
920,1,50,עולי הגרדום,OLEY HAGARDOM
921,1,2,921,
922,1,9,שטיינר יורק,STEINER YOREK
923,1,22,טריטש,TRIETSCH
924,1,27,לויטה,LEVITE
925,1,27,נמירובר,NEMIROVER
926,1,23,קרפל ליפא,KARPEL LIPPE
927,1,25,גולי קניה,GOLEY QENYA
928,1,16,גולי קניה,GOLEY KENYA SIMTAT
929,1,12,גולי אריתראה,GOLEY ERITREA
930,1,500,אינשטיין,EINSTEIN
931,1,15,טובים עמנואל,TUVIM
934,1,703,תל ברוך,TEL BARUCH
936,1,23,נחלאות,NEHALOT
937,1,42,ויסבורג חיים,WEISSBURG
938,1,12,הנחושת,HANCHOSHET
939,1,500,הארד,H A'ARAD
941,1,501,לבנון חיים,LEBANON HAYIM
943,1,52,המתנדב,HA-MITNADV
944,1,17,רקנאטי ליאון,RECANATY
945,1,34,אפקים,OFAKIN
946,1,34,משמר הגבול,MISHMAR HA-GEVUL
947,1,31,חיל המשמר,HEL MISHMAR
948,1,18,"חי""ש",HISH
949,1,22,המשמר האזרחי,HAMISHMAR HA'EZERAHI
951,1,34,הנוטר,HANOTER
952,2,30,מגשימים,MAGSHIMIM
953,1,46,עלומים,ALUMIM
954,1,49,ברקאי שמואל,BARKAY
955,1,59,קוממיות,KOMEMUYUT
956,1,77,גור (מוטה) מרדכי,GUR MORDEHAY
957,1,18,ארזי יהודה,ARAZI
958,1,21,זליג,ZELIG
959,1,4,מבטחים,MIVTAHIM
960,1,24,מניה וישראל,SHOHAT
961,1,23,"ש""י",SHAY
962,1,23,שפיה,SHFEYA
964,1,37,קלצ'קין,KLATZKIN
965,1,24,שמיר,SHAMIR
968,1,10,בן זבארה,BEN ZABARA
969,1,10,ברכיהו הנקדן,BERKHYA'HU HANAKDAN
970,1,10,זכות משה,ZAKUT
971,1,10,סומו יהודה,SUMO
972,1,10,יוסף האפרתי,HA'EFRATI
973,1,12,חופשי דוד,HOFSHI
975,1,6,975,
976,1,2,976,
977,1,2,977,
978,4,79,עיר שמש,IR SHEMESH
979,1,5,979,
980,1,3,בן אברהם נחמיה,BEN AVRAHAM NEHEMYA
981,1,16,קהילת ז'יטומיר,ZITOMIR
982,1,17,קהילת קובנה,QEHILAT KOVNA
983,1,9,קהילת פוזנא,KEHILAT POZNA
984,1,59,רדינג,READING
985,1,68,ברודצקי,BRODETCKY
986,1,24,הרטגלס,HARTGLAS
987,1,44,גרונימן,GRONEMAN
988,1,39,כפר יונה,KFAR YONA
989,1,21,פטאי יוסף,PATAI
990,1,29,צמחי היהודים,TSIMHEY HAYEHUDIM
991,3,16,ברודי חיים,BRODIE
992,1,9,גזית,GAZIT
993,1,8,יציץ,YATSITS
994,1,8,יפעת,YIF'AT
995,1,8,מורשת,MORESHET
996,1,8,גנתון,GINATON
997,1,20,נח מרדכי עמנואל,NO'AH
998,1,10,סלואדור,SALVADOR
999,1,6,לחובר,LACHOWER
1000,1,31,שניר,SENIR
1002,1,39,דה וינצ'י לאונרד,LEONARDO DA-VINCI
1003,1,30,רייס רפאל,REISS REFA'EL
1004,1,30,דוידקה,DAWIDKA
1005,1,38,נגבה,NEGBA
1006,1,76,הגבור האלמוני,HAGGIBBOR HA'ALMONI
1007,1,49,"הפלמ""ח",HAPALMAH
1008,1,12,עין גב,EYN GEV
1009,1,22,יגור,YAGUR
1010,1,11,בית אורן,BEYT OREN
1011,1,24,עמק איילון,EMEK AYALON
1012,1,60,הרכבי אברהם,AVRAHAM HARKAVY
1013,1,42,בובר שלמה,SHLOMO BUBER
1014,1,41,באכר זאב,BACHER
1015,1,16,שטינשנידר,STEINSCHNEIDER
1016,1,12,פוזננסקי שמואל,HARAV POZNANSKI
1017,1,2,מרטון ארנסט,MARTON
1019,1,11,1019,
1021,1,30,דימונה,DIMONA
1022,1,28,תמנע,TIMNA
1023,1,16,ברגי בנימין,BEREGI
1024,1,4,1024,
1025,1,32,טור מלכא,TOR-MALKA
1029,1,21,פרזון,PERAZON
1033,1,36,קרייתי,QIRYATI
1034,2,25,גבעתי,GIV'ATI
1035,1,11,ארטר יצחק,ERTER
1036,1,12,שולמן,SHULMAN
1037,1,11,סלונימסקי,SLONIMSKI
1038,1,12,רובין שלמה,RUBIN
1040,1,12,גינצבורג,GINBURG
1041,1,10,גוטלובר,GOTLOBER
1042,1,12,צויפל,ZVEIFEL
1043,1,14,מנדלקרן,MANDELKEREN
1044,1,14,בן יעקב,BEN YA'AKOV
1045,1,14,טביוב,TAVYOV
1046,1,8,הרודיון,HERODION
1047,1,16,"מצודת בית""ר",MEZUDAT BETAR
1051,2,20,עודד,ODED
1062,1,2,יעוד ודרך,
1063,1,8,1063,
1064,1,10,בת ציון,BAT TSIYON
1065,1,41,אשרמן יוסף,ASHERMAN
1068,1,21,אלוף,ALUF
1069,1,14,בן חיל,BEN-CHAYIL
1070,1,13,אריאל,ARI'EL
1071,1,15,איתן,EYTAN
1072,1,5,מעוז,MA'OZ
1073,1,4,1073,
1074,1,32,יפרח,YIFRACH
1075,1,9,יניב,YANIV
1076,1,22,יפתח,YIFTAH
1077,1,44,המערכה,HAMA'ARAKHA
1078,1,8,הגייסות,HAGEISOT
1079,1,8,הסיירים,HASAYARIM
1080,1,2,1080,
1081,1,2,קפלן שלמה המנצח,KAPLAN SHLOMO
1082,1,24,רשפים,RESHAFIM
1083,1,28,פלוגות,PLUGOT
1084,1,42,איתיאל,ITI'EL
1085,1,44,אחימעץ,AHIMA'ATS
1086,1,35,נטעים,NETA'IM
1089,1,26,הרטוב,HARTOV
1091,1,6,השופט נופך,HASHOFET NOFECH
1092,1,22,חיותמן,YITZHAK HAYOTMAN
1093,1,22,דנין יחזקאל,YEHEZKEL DANIN
1094,1,26,סמילנסקי,DAVID SAMILANSKY
1095,1,30,אהבת ציון,AHAVAT TSIYON
1096,1,4,גילוץ דבורה ומנחם,GILUTZ DEBORAH and MENACHEM
1097,1,23,גבעון,GIV'ON
1098,1,4,1098,
1099,1,4,1099,
1100,1,4,1100,
1102,1,26,צקלג,TSIKLAG
1103,1,2,ביליס מנחם מנדל,BEILIS MENAHEM MENDEL
1104,1,19,1104,
1105,1,2,1105,
1106,1,2,1106,
1107,1,2,1107,
1108,1,10,1108,
1109,1,28,נשרי צבי,ZVI NISHRI
1111,1,2,ירבלום מרק,JARBLUM
1113,1,15,בארי,BEERI
1114,1,29,השלכת,HASHALECHET
1115,1,2,1115,
1116,1,2,1116,
1117,1,16,כהנשטם,CAHANEMSTEIN
1119,1,5,פועה,PU'A
1120,1,23,החבצלת,HAHABATZELET
1121,1,6,1121,
1122,1,16,הצבי,HATZEVI
1123,1,40,הכרמל,HA-CARMEL
1124,1,6,מלילות,MELILOT
1125,1,6,מסלול,MASLUL
1126,1,6,תעוז,TA'OZ
1127,1,17,העליה,HA'ALIYA SIMTAT
1129,1,19,חכמי ישראל,HAKHMEY YISRA'EL
1130,1,2,1130,
1131,1,6,מרד גטו ורשה,MERED GETTO WARSAW
1132,1,10,רחל,RAHEL
1133,1,16,1133,
1135,1,12,1135,
1136,1,76,טשרנא,TSHARNO
1137,1,2,גלוסקא זכריה,GLUSKA
1157,1,17,שפע טל,SHEFA TAL
1160,1,16,מצובה,MATSUVA
1161,1,48,רמז דוד,REMEZ
1162,1,10,ברקוביץ,BERCOVITCH
1163,1,500,שטינמן אליעזר,STEINMAN
1164,1,2,צימפל קארל פרידריך,ZIMPEL  CARL  FRIEDRICH
1165,1,2,אליאש מרים,ELIASH  MIRIAM
1166,1,2,אהרון טוב משה,AHARON TOV MOSHE
1167,1,2,אליאב בנימין (לובוצק,ELIAV BINYAMIN (LUBOTZKY
1168,2,2,1168,
1169,1,2,סילמן יהודה קדיש,SILMAN  YEHUDA  KADISH
1170,1,2,שוהם צילה,SHOHAM  ZILA
1173,3,3,סלע עמנואל,EMMANUEL SELLA
1176,1,8,מיקוניס שמואל,MIKUNIS
1177,1,18,עמיר,AMIR
1179,1,1,1179,
1181,1,13,האטד,ATAD
1182,1,6,מאנגר איציק,MANGER
1183,1,2,1183,
1184,1,8,1184,
1185,1,14,1185,
1186,1,11,1186,
1188,1,8,"מוזס ולטר ד""ר       ",MOSES  WALTER
1189,1,8,נטע,SIMTAT NETA
1190,1,27,ליפסקי לואי,LOUIS LIPSKY
1191,1,6,"הרץ יוסף צבי ד""ר    ",HERTZ  YOSEPH  ZVI  DR
1192,1,23,"זיע""א יוסף חיים     ",ZIA  YOSEF  CHAYIM
1193,1,2,1193,
1194,1,2,1194,
1195,1,16,טולדנו,TOLEDANO
1197,2,2,חדד סעדיא,HADAD SEADIA
1198,1,2,חלד יוסף,HELED JOSEPH
1199,1,2,סחרוב אנדרי,SAKHAROV  ANDREI
1200,2,2,יששכרוב חי,ISSAHAROV HAI
1201,1,2,מייטוס אליהו,MEITUS ELIYAHU
1202,2,2,1202,
1203,1,2,מוהר יחיאל,MOHAR YECHIEL
1204,1,2,לוי משה אהרון,LEVI  MOSHE  AHARON
1205,1,2,אנוסי משהד,ANUSE MASHAD
1206,2,2,1206,
1207,1,2,"ד""ר גסטר משה        ",DR GASTER MOSHE
1208,2,2,ונטורה משה,VANTURA   MOSHE
1209,2,2,ליכטר יהושע,LICHTER  YEHOSHUA
1210,2,2,1210,
1211,2,2,כץ בן-ציון,KATZ   BEN-ZION
1212,2,2,"הופמן יעקב ד""ר      ",HOFMAN  YAAKOV  DR
1214,2,2,שלום גרשום,SHALOM GERSHOM
1215,1,6,הרב זעפראני שלמה,R. ZAFRANI SHLOMO ST
1216,2,2,בלומנפלד קורט יהודה,BLUMENFELD KURT YEHUDA
1217,1,2,גורלסקי ברוך,GORALSKY  BARUCH
1218,1,2,הלוי ז'ק,HALE'VY  J'ACQUES
1219,1,2,מילר כהן אניטה,MILLER   COHEN  ANITA
1220,2,2,1220,
1221,1,2,1221,
1223,1,4,ויסר חנה ומרדכי,VEISSER HANA & MORDECHAI
1224,1,8,עוזיאל,USIEL
1225,1,16,קלמר משה,KALMAR
1229,1,34,ארניה אוסוולדו,ARANHA
1230,1,30,מגן קלמן,KALMAN MAGEN
1231,1,17,ז' (קריה),Z
1232,1,7,מקלף מרדכי,MAKLEFF
1233,1,25,רוטלוי דוד,ROTLEVY   DAVID
1235,1,3,1235,
1236,1,2,1236,
1237,1,15,1237,
1238,1,25,1238,
1239,18,25,1239,
1240,1,12,1240,
1241,1,14,פרי אליעזר,ELIEZER PERI
1243,1,35,קור פאול (קורנובסקי),KOR PAUL
1244,1,42,1244,
1245,33,33,1245,
1246,1,17,הרב באזוב דוד,BAAZOV DAVID
1247,1,2,1247,
1248,1,7,מרדכי,MORDECHEY
1249,4,14,1249,
1250,2,500,קוסובסקי,KOSOVSKY
1251,1,24,הרצוג,HERZOG
1252,1,14,1252,
1253,1,4,1253,
1254,1,8,לישנסקי יוסף,LISHANSKY YOSEF
1255,1,20,בנימיני אהרון,BENJAMINI
1256,1,12,טירת צבי,TIRAT TSVI
1257,1,506,קרן קיימת לישראל,KEREN KAYEMET LEISRA
1258,500,503,פרופס,PROPES
1259,1,6,חכם שמעון,CHACHAM   SHIMON
1260,1,6,פילץ אריה,PILTZ ARYEH
1261,1,34,צוויג סטפן,ZWEIG STEFAN
1262,1,2,"שרמן משה ד""ר        ",SHERMAN  MOSHE  DR
1263,1,2,בן דוד חיים אלוף,BEN-DAVID  CHAYIM
1264,1,7,1264,
1265,1,6,סטרכילביץ צבי,STRAHILEVITZ ZVI
1267,1,14,מרגלית מאיר,MARGALITH
1269,1,12,פעמוני יוסף,PAAMONY YOSEPH
1270,2,12,צ'רצ'יל וינסטון סר,CHURCHIL  WINSTON SIR
1271,1,7,אלטמן אריה,ALTMAN  ARIE
1274,1,38,1274,
1275,1,20,1275,
1276,1,16,1276,
1277,1,16,1277,
1278,1,23,1278,
1279,1,26,1279,
1281,1,1,1281,
1282,1,53,יגאל מוסינזון,MOSSINSON IGAL
1284,1,500,1284,
1285,1,17,1285,
1295,1,9,רבין יצחק,YITZHAK RABIN
1298,1,27,פן אלכסנדר,PEN ALEXANDER
1299,1,11,מאייר מרדכי,MORDECHAI MAYER
1300,1,15,בקר אהרון,BEKER AHARON
1301,1,25,מילוא יוסף,MILA JOSEPH
1302,1,37,זמר חנה,SEMER   HANNAH
1304,1,999,"שטח נמל ת""א         ",
1311,2,2,דורי יעקב (רב אלוף),RAV ALLUF DORI YAACO
1312,1,17,1312,
1313,1,10,1313,
1314,32,482,"אוניברסיטת ת""א      ",
1315,1,25,הרב ניסים,RABBI   NISSIM
1318,1,6,1318,
1320,2,10,בריג אמיל,BRIGG EMIL
1326,1,7,1326,
1327,1,5,1327,
1328,2,8,1328,
1331,1,7,1331,
1332,1,4,1332,
1333,1,4,1333,
1334,1,4,1334,
2001,1,41,ענתות,ANATOT
2002,1,56,אבוקה,AVUQA
2003,1,4,2003,
2004,1,40,בינט מאיר,BINET
2005,1,20,מנחם לילי,MENACHEM LILI
2006,1,19,השושנים,HASHOSHANIM
2007,1,2,אוניקובסקי פרץ,UNIKOWSKY  PERETZ
2008,1,2,2008,
2009,1,12,הררי,HARARI
2010,1,10,בן הלל מרדכי,BEN HILEL
2011,1,12,קרויס,KRAUS
2013,1,27,קרני יהודה,KARNI Y
2014,1,35,שמעוני דוד,SHIM'ONI DAVID
2015,1,23,פיכמן,FICHMAN
2016,1,7,ברש אשר,BARASH
2018,1,15,הברון הירש,HABORON HIRCH
2019,1,37,בלום ליאון,BLUM LEON
2021,2,500,קרית שאול,QIRYAT SHAUL
2022,1,97,טאגור רבינדרנת,TAGORE
2024,1,19,בארט אהרון,BARTH
2025,1,21,הופיין,HOFIEN
2027,1,42,ברזיל,BRASIL
2029,1,49,בית אל,BEYT-EL
2031,1,2,משמר הירדן,MISHMAR HAYARDEN SIM
2032,1,41,"אח""י דקר",AHI DAQQAR
2033,1,30,רמה,RAMA
2037,1,9,קרן היסוד,KEREN HAYESSOD
2038,1,10,אבנר מאיר,MAYER EBNER
2039,1,36,אנדרסן,ANDERSEN
2040,2,506,2040,
2048,1,14,פראנקל,PRANKEL
2049,1,14,ברלינר,BERLINER
2050,6,500,קלוזנר,KLAUSNER
2051,1,518,רוקח ישראל,ROKACH YISRA'EL
2053,1,18,ברגסון,BERGSON
2054,1,3,פרויד,FROID
2055,1,27,שבט ראובן,SHEVET RE'UVEN
2056,1,43,שבט יוסף,SHEVET YOSEF
2057,1,41,שבט שמעון,SHEVET SHIM'ON
2058,1,10,שבט אשר,SHEVET ASHER
2059,1,14,שבט יששכר,SHEVET YISAS'CHAR
2060,1,44,שבט לוי,SHEVET LEVI
2061,1,26,שבט יהודה,SHEVET YEHUDA
2062,1,16,שבט גד,SHEVET GAD
2063,1,18,שבט דן,SHEVET DAN
2064,1,48,שבט בנימין,SHEVET BINYAMIN
2065,1,900,"וויז ג'ורג' ד""ר",WEIZZ
2070,1,501,אלמגור,ALMAGOR
2072,1,63,אדירים,ADIRIM
2073,1,11,פילדלפיה,PHILADELPHIA
2074,1,32,הצנחנים,HA-ZANHANIM
2075,1,18,נהריים,NAHARAYIM
2076,1,47,יהודה הנשיא,YEHUDA HANASI
2077,1,45,רב אשי,RAV ASHI
2078,1,17,רבינא,RABINA
2080,1,12,"ד""ר צ'רטוק שמשון    ",DR CZERTOK SHIMSHON
2081,1,11,לויטן יצחק,LEVITAN
2082,1,10,פסטרנק אריה,PASTERNAK
2083,1,17,אופנהיימר,OPPENHEIMER
2084,1,24,גייגר,GEIGER
2085,1,17,סטארה אלברט,STARA
2088,1,5,גורוכוב ידידיה אגמון,GOROCHOV JEDIDIYAH ADMON
2089,1,58,מוריץ דניאל,MORITS DANIEL
2090,1,36,פיליכובסקי,PILICHOVSKI
2094,1,3,קהילות זגלמביה,KEHLLOT ZAGLEMBIE
2095,1,40,הרכש,HAREKHESH
2096,1,30,אופיר שיקה,SHAI.K.OPHIR
2098,9,41,אגדתי ברוך,AGADATI
2099,1,13,כורזים,KORAZIM
2100,1,21,יוניצ'מן,JUNICZMAN
2106,1,999,אשכול לוי,LEVI ESHKOL
2112,1,7,האוזנר דב,HAUSNER
2114,1,14,אפטר יעקב,EFTER
2116,1,54,בורלא יהודה,BOURLA
2117,1,18,גלילי ישראל,GALILI
2118,1,502,"עגנון ש""י",AGNON
2119,1,44,בוני העיר,BONEY HAIR
2120,1,11,2120,
2121,1,20,קובנר אבא,COVNER
2122,1,44,רופא המחתרות,ROPHE HAMACHTAROT
2123,1,32,אלתרמן נתן,ALTERMAN
2124,1,20,למדן יצחק,LAMDAN
2125,1,23,המאירי אביגדור,HAMME'IRI
2126,1,22,לאה גולדברג,LEA
2128,1,21,זרובבל יעקב,ZERUBAVEL
2129,1,24,שורר חיים,SHORASHIM
2130,1,67,שיטרית בכור,SHITREET
2131,1,4,2131,
2132,1,8,ברתנא מרדכי,BARTANA MORDECHY
2134,2,4,בן ישי,BEN YISHAY
2135,1,18,בראלי,BARELI
2139,1,4,2139,
2140,1,6,2140,
2141,1,44,בן יוסף שלמה,BEN YOSEF
2143,1,8,2143,
2146,1,26,התנאים,HA-TANAIM
2147,1,25,הסבוראים,HA-SAVORAIM
2148,1,7,אריכא יוסף,ARICHA
2149,1,15,האמוראים,HA-AMORAIM
2150,1,2,טאגור,
2151,1,22,מינץ בנימין,MINTZ
2152,1,60,טבנקין יצחק,TABENKIN
2155,1,14,אושה,USHA
2160,1,17,הדף היומי,HADAF HAYOMI
2161,1,2,2161,
2164,1,30,אש שלום,SHOLEM ASCH
2165,1,28,קיציס יוסף,KIZIS
2168,1,500,פרסיץ שושנה,PERSITZ SHOSHANA
2169,6,6,2169,
2170,1,1,2170,
2171,1,999,רמבה אייזיק,REMBA
2172,1,2,2172,
2173,1,13,אנכי,ANOKHY
2174,1,17,זאב,ZE'EV
2177,1,42,בת מרים יוכבד,BAT MIRIAM
2178,1,24,דיסנצ'יק אריה,DISENTCHIK
2179,1,6,השחקנים,HASACHKANIM
2181,1,34,גוטמן נחום,GUTMAN
2182,1,24,רובין ראובן,RUBIN
2184,1,15,2184,
2185,1,7,2185,
2188,1,6,2188,
2190,1,95,פיינשטיין מאיר,FEINSTEIN
2191,1,32,בית צורי אליהו,BET ZURI ELIYYAHU
2192,1,500,דרזנר יחיאל,DREZNER DOV
2195,1,11,חביב אבשלום,HABIB
2196,1,56,אלקחי מרדכי,ELQAHI
2197,1,7,וייס יעקב,WEISS JACOB
2198,1,6,בוקשפן דוד,BUKSPAN
2199,1,29,גליקסברג,GLIKSBERG
2200,1,15,נקר מאיר,NAQAR
2201,1,35,אחימאיר אבא,ABA AHIMEIR
2203,1,50,יקותיאלי יוסף,YEKUTIELI  YOSEF
2204,1,26,ברון עקיבא,BRUN
2205,1,15,ברזאני משה,BARAZANI
2206,1,16,חכים אליהו,HAKIM ELIYYAHU
2207,1,13,קשאני אליעזר,KASHANI
2208,1,32,גרונר דב,GRUNER DOV
2210,1,100,נמיר- אתרים,NAMIR- ATARIM
2211,1,21,ויינשל,WEINSHALL
2212,1,18,מרסל ינקו,MARSHAL
2213,1,5,2213,
2215,1,30,גרינברג אורי צבי,GREENBERG
2216,1,5,סוסקין אברהם,SOSKIN
2218,1,79,סנה משה,MOSHE SNEH
2219,1,20,בויאר אברהם,BOYER
2220,1,28,יערי מאיר,YAARY
2222,1,710,ארצי יצחק,ARTZI ITZHAK
2223,1,11,אביגור,AVIGUR
2224,1,9,משל ירוחם,MESHEL YERUHAM
2226,4,501,נתיבי אילון דרום,AYALON SOUTH
2227,5,999,נתיבי אילון צפון,AYALON NORTH
2228,1,7,2228,
2229,1,8,2229,
2230,1,44,שינדלר אוסקר,SHNDLER OSKAR
2231,1,33,חזן יעקב,HAZAN YAAKOV
2233,1,2,2233,
2234,1,4,2234,
2235,1,2,2235,
2236,1,18,קהילת קליבלנד,CLEVELAND COMMUNITY
2237,1,28,מוזס יהודה ונח,MOZES
2239,1,22,מאוריציו ויטלה,MAURIZIO VITALE
2240,1,40,2240,
2241,1,8,סאמט שמעון,SHIMON  SAMET
2242,1,11,כהן אלי,ELI COHEN
2243,1,23,דולצ'ין  אריה,DOLTZIN
2244,1,20,פרלוק משה,PERLUK
2245,1,12,סטימצקי אביגדור,STEMATZKY
2246,1,10,רודנסקי שמואל,RODENSKY
2248,1,9,פרידמן שרגא,FRIDMAN
2249,1,21,אקסלרוד נתן,EXELROD
2250,4,4,גז    מטילדה,GEZ
2251,1,10,זריצקי,ZARITZKY
2252,1,47,תמיר שמואל,TAMIR SHMUEL
2253,1,126,ארגוב אלכסנדר (סשא),ARGOV ALECKSANDER
2254,1,95,וילנסקי משה,WILENSKY MOSHE
2255,1,14,קיפניס לוין,KIPNIS LEVIN
2256,17,34,שבתאי יעקב,SHABTAI JAKOB
2257,1,15,קול משה,KOL MOSHE
2258,11,22,אבידן דויד,AVIDAN DAVIV
2259,1,34,ברוד מקס,BROD MAX
2260,1,14,תבין אלי,TAVIN ELY
2265,1,52,זעירא מרדכי,ZEIRA MORDECAI
2266,1,14,בן-חיים פאול,BEN-HAIM PAUL
2272,1,22,קריגר משה,KRIEGER MOSHE DR
2273,1,16,כהן יעקב דר',CAHAN JAKOB DR
2274,1,14,קפקא פרנץ,KAFKA FRANZ
2275,1,14,גלעזר אליהו,GALEZER ELIYAHU
2276,1,10,"רוזנשטיין אברהם ד""ר",ROZENSTEIN AVRAHAM
2277,1,10,אורלוב חנה,ORLOFF  CHANA
2280,1,6,2280,
2281,1,26,"לוין שלום  ד""ר      ",DR  LEVIN SHALOM
2282,1,999,2282,
2284,1,16,2284,
2285,1,24,2285,
2286,1,17,2286,
2287,1,20,שטרייכמן יחזקאל,STREICHMAN JECHESKEL
2288,1,14,רובינשטיין ארתור,RUBINSTEIN ARTHUR
2289,1,18,חפץ ישה,HEIFETZ JASCHA
2290,1,21,גלבע אמיר,GILBOA AMIR
2291,1,27,שגאל מרק,CHAGALL MARC
2292,1,33,זינגר בשביס יצחק,SINGER BASHEYIS ISAC
2294,1,5,2294,
2295,1,12,2295,
2296,1,14,2296,
2297,1,12,2297,
2298,1,19,2298,
2299,1,6,2299,
2303,18,18,2303,
2313,1,10,"בן-גל (דג""מס) מיכאל",BEN-GAL MICHAEL
2314,1,26,2314,
2315,1,10,איתין אהרון,AHARON ITIN
2316,1,10,אידלסון רחל ושמואל,RACHEL SHMUEL EDLSON
2317,1,9,משה (שלוש),MOSHE CHELOUCHE
2318,1,9,איזמוז'יק לאה ודויד,LEA DAVIV ISMOJIK
2319,1,8,וינשטיין נחום,NACHUM WEINSTEIN
2320,1,8,"פלד (רופין) רות ד""ר",PELED RUPPIN RUTH DR
2321,1,8,עמירן עמנואל,AMIRAN EMANUEL
2322,1,8,קיסרי אורי,OURI KESSARY
2323,1,8,ברסקי יהודה לייב הלו,BERSKY YEHUDA
2324,1,8,גלבלום אריה,ARIE GELBLUM
2325,1,6,פוירשטיין אמיל ד'ר,FEUERSTEIN EMIL DR
2326,1,4,ע הלל,AYIN HILLEL
2327,1,8,"ויטנברג (""לאו"")יצחק",WITENBERG ICCHAK LEO
2328,1,9,ברוידס אברהם,AVRAHAM BROIDES
2329,1,8,אברך ישעיהו,YESHAYAHU AVRECH
2330,1,8,פוחובסקי(לאון)אריה ד,POHCHOVSKY ARIEH DR
2331,1,8,"פילדרמן וילהלם ד""ר  ",FILDERMAN WILHELM DR
2332,1,14,סגל שמוליק,SEGAL SHMULIK
2333,1,8,זליבנסקי דויד הלוי,ZELIVANSKY DAVID
2334,1,6,פינקל שמעון,FINKEL SHMON
2335,1,8,זמיר עמנואל,ZAMIR EMMANUEL
2336,1,8,2336,
2337,1,7,שרון אריה אדר,SHARON ARIEH AR
2338,1,7,כרמי דב אדר',
2339,1,6,פרלשטיין יצחק אדר,
2340,1,8,רכטר זאב אדר',RECHTER ZEEV AR
2341,1,11,זליגמן מקס,SELIGMAN MAX
2342,1,8,בילויה (מעוז),BILUYA  MAOZ
2343,3,15,"רוזנבלום הרצל ד""ר",rozenblum herzel
2344,1,13,רובינא חנה,ROBINA HANA
2345,1,29,מרידור יעקב,MERIDOR YAHCOV
2346,3,8,הרמלין יוסף,YOSEF HARMELIN
2347,1,7,"זק""ש נילי",SACHS NELLY
2348,1,16,נרקיס עוזי,NARKIS UZI
2349,1,13,ברלין אליהו,BERLIN ELIYAHU
2350,1,9,פאגלין עמיחי,AMIHAI PAGLIN (GIDI)
2351,1,17,רוזנבלום יאיר,YAIR ROSENBLUM
2352,1,9,סמבורסקי דניאל,DANIEL SAMBURSKY
2353,1,18,מוקדי משה,MOSHE MOKADY
2354,1,12,שניצר שמואל,SHMUEL SCHNITZER
2355,1,21,אלוני ניסים,NISSIM  ALONI
2356,1,3,בוסקוביץ' אלכסנדר או,ALEXANDER URIYAH BOSKOVICH
2357,1,8,דוש (קריאל גרדוש),DOSH(KARIEL GARDOSH
2358,1,8,גובר רבקה,GUBER RIVKA
2359,1,7,סוסליק אריה,SOSLIK ARIE
2360,2,26,אויסטרך דויד,OISTRAKH DAVID
2361,1,32,שוסטקוביץ' דמיטרי,SHOSTAKOVITCH     DMITRI
2362,1,7,2362,
2365,13,15,2365,
2366,2,26,מיכאל (נאמן),MICHAEL (NEEMAN)
2367,1,8,שינמן פנחס,SHEINMAN  PINHAS
2368,1,20,זאבי רחבעם (גנדי),ZEEVI  REHAVAM GANDHI
2369,1,999,2369,
2370,1,3,2370,
2379,2,4,2379,
2380,2,20,2380,
2381,2,4,2381,
2382,1,1,2382,
2386,1,11,צדוק חיים,ZADOK HAIM
2397,999,999,2397,
2398,2,31,2398,
2400,1,26,מתחם מרכז הירידים,
3000,1,900,בן צבי,BEN ZVI
3001,1,500,ירושלים,YERUSHALAYIM
3002,1,32,רזיאל דוד,RAZIEL
3003,1,77,המרד,HAMERED
3004,1,272,יפת,YEFET
3005,1,40,עולי ציון,OLEY TSIYON
3006,1,103,יהודה הימית,YEHUDA HAYAMIT
3007,11,91,שבטי ישראל,SHIVTEY YISRA'EL
3008,1,43,ארליך,DR. EHRLICH
3009,1,16,עמיעד,AMIAD
3010,1,19,רבי פנחס,RABBI PINCHAS
3011,1,8,רבי אדא,RABBI ADDA
3012,1,6,רבי תנחום,RABBI TANCHUM
3013,1,9,רבי אחא,RABBI HHA
3014,1,26,רבי חנינא,RABBI HANINA
3015,1,8,רבי נחמן,RABBI NACHMAN
3016,1,10,רבי יוחנן,RABBI YOCHANAN
3017,1,6,3017,
3018,1,2,3018,
3019,1,2,3019,
3020,1,30,רוסלאן,RUSSLAN
3021,1,4,3021,
3022,1,56,יהודה מרגוזה,YEHUDA MERAGUZA
3023,1,6,הפנינים,HAPNINIM
3024,1,6,מזל תאומים,MAZAL TEOMIM SIMTAT
3025,1,12,החלפנים,HA-HALFANIM
3026,1,47,הצורפים,HATSORFIM
3027,1,10,מזל שור,MAZAL SHOR SIMTAT
3028,1,26,3028,
3029,1,12,3029,
3030,1,15,פסטר,LOUIS PASTEUR
3031,5,5,3031,
3036,1,13,3036,
3037,1,22,הדולפין,HADOLFIN
3038,1,24,השחף,HASHAHAF
3039,1,23,הצדף,HATSEDEF
3040,8,8,3040,
3041,1,7,אנדרומדה,ANDOROMEDA
3042,1,56,שערי ניקנור,SHA'AREY NIKANOR
3043,1,34,עבד אל ראוף אלביטאר,ABDELRAUF  ALBITAR
3044,1,17,יוסי בן יוסי,YOSEY BEN YOSEY
3045,1,11,רב האי גאון,RAV HAY GA'ON
3046,1,16,בעלי התוספות,BA'ALEY HATOSAFOT
3047,1,23,דרור,D'ROR
3048,1,10,ארדון מרדכי,ARDON MORDECAI
3049,1,13,ריש גלותא,REYSH GALUTA
3050,1,11,נועם,NOAM
3051,1,12,בעל הטורים,BA'AL HA'TURIM
3052,1,8,ספיר ברוך,SAPIR BARUCH
3053,1,6,דואר שושנה,DOUER SHOSHANA
3054,1,10,אבן שושן אברהם,AVRAHAM EVEN-SHUSHAN
3055,1,7,לוינסון אברהם,LEVINSON  AVRAHAM
3056,1,18,קיוסו אלברט,KIOSSO
3057,1,32,תג'ר ציונה,TAGGER
3058,1,16,אבינרי יצחק,AVINERY
3059,1,43,מיכאל אנג'לו,MIKHEL ANGELO
3060,1,999,קדם,KEDEM
3062,1,32,עבד אל-גני,ABD EL GHANY
3063,1,20,דאנטה,DANTE
3064,1,8,אוז'שקובה,ORZESKOWA
3065,1,13,גורקי,GORKI
3066,1,14,רומן רולן,ROMAN ROLAND
3067,1,31,ויקטור הוגו,VICTOR HUGO
3068,1,19,ראסין ז'אן,RACINE
3069,1,22,פושקין,PUSHKIN
3070,1,6,הלוי משה,HALEVY MOSHE
3071,1,9,הלה טוני,HALLA TONI
3072,1,55,נס לגויים,NES LAGOYIM
3073,4,51,למרטין,LAMARTINE
3074,1,62,"ציהתל""י",TSIHATLI
3075,1,32,הספינה,HASFINA
3076,1,37,העוגן,HA'GOEN
3077,1,21,התורן,HATOREN
3078,1,20,הקברניט,HAKABARNIT
3079,1,9,המלחים,HAMALACHIM
3080,1,17,רב החובל,RAV HACHOVEL
3081,1,7,המפרש,HAMIFRAS
3082,1,6,המשוט,HAMASHOT
3083,1,12,זהבי דוד,ZAHAVI DAVID
3084,1,6,ההגה,HAHEGE
3085,1,8,תמריר,TAMRIR
3086,1,23,אבן רשד,IBN RASHAD
3088,1,76,אבן סינא,IBN SINA
3089,1,30,אמונים,EMUNIM
3090,1,48,שמואל בן עדיה,BEN ADAYA
3091,1,26,בן אחיטוב,BEN ACHITUV
3092,1,48,החרוב,HECHARUV
3093,1,22,הראובני דוד,HARE'UVENI
3094,1,5,לונדון בצלאל,LONDON BEZALEL
3095,1,8,גרוסמן חייקה,GROSSMAN CHIKA
3096,1,7,ויינר זאב,WEINER ZEEV
3097,1,32,הדגה,HADAGA
3098,1,22,צופית,TSOFIT
3100,1,24,הדייגים,HADAYAGIM
3102,1,12,3102,
3104,1,8,בית רעים,BEYT REI'M
3105,1,30,אחילוף,AHILUF
3106,1,24,האגוז,HA'EGOZ
3108,1,27,הצרי,HATSARI
3109,1,22,שלוחות,SHLUHOT
3110,1,10,חייבי משה,HAYBI
3111,1,18,דודאים,DUDA'IM
3112,1,20,הלוטוס,HALOTUS
3113,1,39,בצרה,BATSRA
3114,1,28,נבטים,NEVATIM
3115,1,13,החיטה,HACHITA
3116,1,16,הסנה,HASNEH
3117,1,39,מנדס פרנס,FRANCE
3118,1,17,תות,TUT
3119,1,16,נסאר ג'ורג',GEORG NASSAR
3120,1,21,הערמון,HA'ARMON
3121,1,35,שריד,SARID
3122,1,10,השקמה,HASHIKMA
3123,1,8,הקיקיון,HAKIKAYON
3124,1,13,צנובר,TSENOVAR
3126,1,8,שביב,SHAVIV
3127,1,16,געש,GA'ASH
3128,1,10,סייפן,SEYFAN
3129,1,10,3129,
3130,1,8,זיקים,
3132,1,16,לוזים,LUZIM
3134,1,8,3134,
3136,1,10,חנאניא יעקוב ג'ורג',Hanainanya Yakub George
3137,1,25,הלענה,HALA'ANA
3138,1,6,הלימון,HALIMON
3139,1,13,מענית,MA'ANIT
3140,1,8,עולש,OLESH
3141,1,20,דישון,DISHON
3142,1,7,3142,
3143,1,21,עגור,AGUR
3144,1,13,3144,
3145,1,13,יסעור,YAS'UR
3147,1,28,ולנסיה,VALENCIA
3148,1,24,האשכולית,HA'ESHKOLIT
3150,1,9,השיפון,HA-SHIPON
3151,1,14,השעורה,HAS'ORA
3152,1,10,3152,
3153,3,3,3153,
3158,1,109,שתי האחיות,SHT'E HA'AHAYOT
3159,1,22,ים סוף,YAM-SUF
3161,1,6,3161,
3162,1,130,קדרון,KIDRON
3166,1,32,המרפא,HAMARPEH
3167,1,8,בת גלים,BAT GALIM
3169,1,13,שטרנהרץ,STERNHARTZ
3170,1,10,האלומה,AH'ALUMA
3171,1,13,השיבולת,HASHIBOLET
3172,1,14,עאזר אדיל,AZER ADEEL
3173,2,44,דונולו הרופא,DONNOLO HAROFEH
3174,1,49,אסף הרופא,ASSAF HAROFEH
3175,1,11,3175,
3176,1,16,ההדס,HEHADAS
3177,1,22,קורצ'אק יאנוש,KORCZAK
3178,1,24,3178,
3179,1,18,3179,
3180,1,23,3180,
3181,1,14,הערבה,HA'ARAVA
3184,1,33,טולוז,TOULOUSE
3185,1,58,בית פלט,BEYT PELET
3187,1,61,האתרוג,HA'ETROG
3188,1,21,המגיד מדובנא,HA-MAGID MIDUBNO
3189,1,12,מנוחה,MENUAHA
3190,1,10,מרגוע,MARGO'A
3191,1,16,3191,
3193,13,15,3193,
3195,1,31,3195,
3196,1,26,יטבת,YOTVAT
3197,1,900,זכרון קדושים,ZIKHRON K'DOSHIM
3198,1,14,3198,
3199,1,20,בת ים,BAT-YAM
3201,3,10,מחפוז נגיב,MAHFOUS NAGUIB
3202,1,9,שם הגדולים,SHEM HAGDOLIM
3203,1,15,פחד יצחק,PAHAD YITZHAK
3204,1,29,מכלל יופי,MIKHLAL YOFI
3205,1,29,שפתי ישנים,SIFTEY YESHENIM
3208,1,28,שמואל ירחינאי,YARCHINAI
3209,1,23,טוביה הרופא,TUVYA HAROFEH
3211,1,8,דה פיליפ אדיס (אבן ז,DE-PHILIPPE EDIS (EVEN ZOHAR)
3212,1,10,ליב בן שרה,KEYB BEN SARA
3213,1,24,עבודת ישראל,AVODAT YISRA'EL
3214,1,18,פנץ נתן,PANTZ
3215,1,6,ישראלי יצחק,YITZHAK HAYISRELI
3216,1,46,התקומה,HATEKUMA
3217,1,11,אנדרוס,ANDREUS
3218,1,18,רוזנבלט צבי,ROSENBLAT
3219,1,13,וכטנגוב,VACHTANGOV
3220,1,20,גר צדק,GER TSEDEK
3221,1,22,איסקוב ניסים,ISAKOFF
3223,1,23,נחמן מברסלב,NAHMAN MIBRASLAV
3224,1,29,חסידי האומות,HASIDEY HA'UMOT
3226,1,10,3226,
3227,1,24,באר שבע,BE'ER SHEVA
3228,1,20,הרבי מפשיסחא,HARABI MIPSHIS'CHA
3229,1,21,מאור עינים,ME'OR EYNAYIM
3230,1,14,הסבא משפולה,HASABA MISHPOLA
3231,1,36,דב ממזריץ,DOV MIMEZ
3232,1,20,הכוזרי,HAKUZARI
3233,1,27,ישראל מריז'ין,YISRAEL MERIJIN
3234,1,26,"כ""ץ יעקב יוסף",KATZ
3235,1,18,אוהב ישראל,OHEV YISRAEL
3236,1,18,מדרש פנחס,MIDRASH PINCHAS
3237,1,16,צהלון הרופא,TSAHALIN HAROFEH
3240,1,13,אד קוץ',KOTCH
3241,1,40,דבלין אלפרד,DUBLIN  ALFRED
3242,1,501,עזה,AZA
3244,1,34,חבר הלאומים,HEVER HALLE'UMMIM
3245,1,42,אור החיים,OR HAHAYIM
3246,1,30,רבנו ירוחם,RABENU YERUHAM
3248,1,32,שרירא גאון,SHRIRA GA'ON
3249,1,18,עדולם,ADULAM
3250,1,102,בכורי ציון,BIKKURE ZIYYON
3251,1,152,"הבעש""ט",HABESHT
3277,17,17,3277,
3280,1,24,ברגנר אליזבת,ELIZABET  BERGNER
3281,11,11,3281,
3288,1,12,זלדה (שניאורסון מישק,ZELDA
3290,1,5,רטוש יונתן,RATOSH YONATHAN
3291,2,11,אשקלון,ASHKLON
3293,1,11,אוארבך,AVERBACH
3294,1,6,עמיקם אליהו (קשאק),
3295,1,20,ניצנה,NITSANA
3296,1,24,רוחמה,RUCHAMA
3297,1,23,תרצה,TIRTSA
3298,1,16,בת עמי,BAT AMI
3299,1,20,"אפ""ק",APAK
3300,1,17,סגולה,SGULA
3301,1,4,דיצה,DITSA
3302,1,15,נחמה,NEHAMA
3303,1,28,פוריה,PORIYYA
3304,2,19,בר הופמן,BEER-HOFMAN
3306,1,51,הרבי מבכרך,HARABI MIBACHRACH
3307,1,16,פראנצויז,FRABZOS
3309,1,35,שניצלר,SCHNITZLER
3311,1,163,קבוץ גלויות,
3312,1,16,פופר לינקאוס יוסף,POPPER LYNKEUS YOSEPH
3313,1,35,חזק,HAZAK
3315,1,15,אמץ,EMATS
3316,1,16,עציון גבר,ETSYON GAVER
3317,1,500,שארית ישראל,SH'ERIT YISRAEL
3318,1,2,סוגיהרה סמפו,SUGIHARA  SEMPO  CHIUNE
3319,1,160,התחיה,HATHIYA
3320,1,2,3320,
3321,1,14,3321,
3322,1,14,שמעון בן שטח,BEN SHATAH
3323,1,4,אבן חלדון,IBN KHALDUN
3324,1,4,ליענר שלמה,LEINER  SHLOMO
3325,1,14,הדואר,HADO'AR
3327,4,16,המלך חירם,HAMEHLEH CHIRAM
3328,1,6,בן זומא שמעון,BEN ZOMA
3329,1,8,שמעון בן עזאי,BEN AZAY
3330,1,22,בן עזריה אלעזר,BEN AZARYA
3331,1,6,אלעזר בן יוסי,BEN YOSEY
3332,1,4,בני בתירא,B'NEY B'TEYRA
3333,1,4,אליעזר בן הורקנוס,BEN HORKNOS
3334,1,4,חנינא בן תרדיון,BEN TRADYON
3335,1,4,3335,
3336,1,4,3336,
3337,1,9,יועזר איש הבירה,YO'EZER ISH HABIRA
3338,1,7,3338,
3339,1,6,יהושע בן פרחיה,BEN PRAHAYA
3340,1,38,בית אשל,BEIT ESHEL
3341,1,4,3341,
3342,1,79,שמעון הצדיק,SHIM'ON HATSADIK
3343,9,31,חנינא בן דוסא,BEN DOSA
3344,1,14,שמעון בן גמליאל,BEN GAMLI'EL
3346,1,14,שמעיה,SHMA'YA
3347,1,6,אבטליון,AVTALYON
3348,1,18,בן יאיר פנחס,BEN YA'IR
3349,1,12,הגמנסיה העברית,HAGIMNASYA HA'IVRIT
3350,1,8,3350,
3351,1,2,3351,
3352,1,25,מפרץ שלמה,MIFRATS SHLOMO
3357,1,12,3357,
3358,1,2,אולשן יצחק,OLSHAN  YITZHAK
3359,1,10,3359,
3360,1,18,קומפרט,KOMPERTN
3361,1,41,3361,
3362,1,20,3362,
3363,1,17,גנני,GANNANI
3364,2,18,המחוגה,HA-MEHUGA
3365,1,24,המשור,HA-MASOR
3366,1,26,חצרים,HATSERIM
3367,1,36,אליפלט,ELIFELET
3368,1,23,הנגרים,HANAGARIM
3369,1,10,וסרמן יעקב,WASSERMANN
3372,1,57,"הרא""ש",HAROSH
3374,1,96,אברבנאל,ABARVANEL
3376,1,20,היתד,HAYATED
3377,11,30,כהן עופר,COHEN OFER
3378,1,11,סגל צבי הרמן,SEGAL  ZVI  HERMAN
3381,1,8,3381,
3382,1,68,בנטוב מרדכי,BENTOV MORDEKHAI
3383,4,36,3383,
3384,1,61,תל גבורים,TEL-GIBORIM
3385,1,4,מרקיש פרץ,MARKISH  PERETZ
3386,1,7,3386,
3387,1,2,3387,
3389,1,12,3389,
3392,1,34,3392,
3393,13,26,3393,
3403,1,15,403 יפו,JAFO 403
3404,1,212,3404,
3405,1,3,3405,
3406,1,2,3406,
3407,1,5,3407,
3408,1,8,3408,
3409,1,32,אפלטון,APHALTON
3410,1,15,סוקרטס,SOCRATES
3411,1,18,אריסטו,ARISTO
3413,1,48,3413,
3424,1,12,הזרם,HAZEREM
3425,1,16,המנוע,HAMANO'A
3426,1,19,3426,
3427,1,12,היסוד,HAYESOD
3428,1,12,הפלך,HAPELEKH
3429,1,11,3429,
3430,1,22,מעפילי סלואדור,MA'APILEY SALVADOR
3431,1,12,3431,
3432,1,21,בת עין,BAT AYIN
3433,1,20,"חידושי הרי""ם",HISUSHEY HARIM
3434,1,9,הרבי מויטבסק,HARABI MEVITEBSK
3435,1,10,הרבי מקוטוב,HARABI MIKUTOV
3436,1,10,הרבי מקרלין,HARABI MIKARLIN
3437,1,10,הרבי מקוצק,HARABI MIKOTSK
3438,1,10,הרבי מלילוב,HARABI MILELOV
3439,1,10,שמעון הבורסקי,SHIM'ON HABURSEKI
3440,1,56,"חב""ד",HCHABAD
3441,1,20,מיצקביץ אדם,MICKIEWICZ
3442,1,6,הכישור,HAKISHOR
3443,1,2,אבוטבול יעקב,ABOUTBOUL
3445,1,5,בן צדוק אלעזר,BEN TSADOK
3453,18,22,3453,
3458,1,39,צריפין,TSERIFIN
3464,1,2,בית הנוער,BEYT HANO'AR
3471,1,17,חנניה,HANANYA
3478,1,30,יקינתון,YKINTON
3480,1,29,"תרצ""ו",TARSAV
3483,1,49,3483,
3484,1,15,שלהבית,SHALHAVIT
3488,1,90,גולדמן נחום,GOLDMAN
3489,1,501,קויפמן יחזקאל,KAUFMAN
3491,1,34,נחל הבשור,NAHAL HABSOR
3492,1,33,נחל עוז,NAHAL OZ
3493,1,20,נחל שורק,NAHAL SOREK
3494,1,10,סג'רה,SEJERA
3501,1,64,גולומב,GOLOMB
3502,1,63,חובות הלבבות,CHOVOT HALEVAVOT
3503,1,40,"הראב""ע",HARA'ABA
3504,1,103,מסילת ישרים,MESILAT YESHARIM
3505,1,66,מקור חיים,MEKOR CHAYIM
3506,1,51,בעל העקידה,BAAL HA'AKEDA
3507,1,24,דה מודינה אריה,DA MODENA ARIE
3508,1,20,בן אשר,BEN ASHER
3509,1,14,חיוג יהודה,CHAYOG
3510,1,14,"מלבי""ם",MALBIM
3511,1,68,חזקיהו המלך,CHIZKIYAHU HAMELECH
3512,1,14,מורה נבוכים,MORE NEVOCHIM
3513,1,42,"רלב""ג",RALBAG
3514,1,82,בר יוחאי,BAR-YOHAI
3515,1,19,ראשית חכמה,RESHIT HOKHMA
3516,1,116,חכמי ישראל,CHACHMEY YISRA'EL
3518,1,34,עובד,OVED
3519,1,28,האקליפטוס,HA'EUCALYPTUS
3520,1,46,תדהר דוד,TIDHAR
3521,1,24,האגמון,HA'AGMON
3522,1,24,הברוש,HABROSH
3523,1,17,הרותם,HAROTEM
3524,1,11,השיטה,HASHITA
3525,1,54,קהילת ניו יורק,NEW YORK COMMUNITY
3526,1,35,"יש""ר מקנדיאה",YASHAR MICANDIA
3527,1,43,התיבונים,HATIBONIM
3528,1,23,טורי זהב,TUREY ZAHAV
3529,1,18,קרשקש חסדאי,CHASDAI CRESCAS
3530,1,18,חכמי לובלין,CHACHMEY LUBLIN
3532,1,25,ענתבי,ANTEBI SIMTAT
3533,1,12,פוזילוב רפאל ר',FOZAILOFF RAFAEL RABI
3534,1,48,"ראב""ד",RA'ABAD
3535,1,65,ישראל מסלנט,MISALANT
3536,1,28,גבעת בן יהודה,GIVAT BEN-YEHUDA
3537,1,23,הסדנה,HASADNA
3538,1,18,המנור,HAMANOR
3539,1,23,העמל,HE'AMAL
3540,1,14,הפטיש,HPATISH
3541,1,14,לודויפול,LUDVUPOL
3542,1,12,"הש""ך",HASHACH
3543,1,34,שערי תשובה,SHA'AREY TESHUVA
3544,1,15,ראשית חכמה,RESHIT HOKHMA
3545,1,7,בר יוחאי,BAR YOHA'I SIMTAT
3546,1,18,פלקירה,FlAKERA
3547,1,47,ידעיה הפניני,YEDAYA HAPNINI
3548,1,24,הר ציון,HAR TSIYON SIMTAT
3550,1,48,מאור הגולה,ME'OR HAGOLA
3551,1,73,חכמי אתונה,HAKHMEY ATUNA
3552,1,40,רבי מאיר בעל הנס,RABBII BA'AL HANESS
3553,1,18,רויגו אברהם,ROVIGO
3554,1,14,בית גוברין,BEYT GUVRIN
3555,1,23,בית קציר,BETY KATSIR
3556,1,38,אלפסי יצחק,YITZHAK ALFASSI
3557,1,39,אבולעפיה,CYAYIN ABUL'AFIA
3558,14,35,ושינגטון,WASHINGTON
3559,1,25,אוריאל אקוסטה,URIEL AKOSTA
3560,1,25,ויטל חיים,VITAL
3561,1,22,לצרוס משה,LAZARUS
3562,1,18,בנבנישתי,BENVENISTE
3563,1,24,קורדובירו,CORDOVERO
3564,1,59,פלורנטין,FLORENTIN
3565,1,20,"הש""ך",HASHAKH
3566,1,31,רבנו חננאל,RABENU HANAN'EL
3567,1,39,בן עטר,BEN ATAR
3568,1,2,מאור משה,MAOR MOSHE
3569,39,78,ישיבת וולוז'ין,YESHIVAT VOLOZHIN
3570,1,67,אילת,EILAT
3571,1,44,מסילת וולפסון,MSILAT WOLFSHON
3572,1,24,לסקר,KASKER
3573,1,45,שיפר,SHIPER
3575,1,22,מימון שלמה,MAIMON
3576,1,15,בלבן מאיר,BALABAN
3577,1,8,"מהרש""א",MAHARSHA
3578,1,12,בית חדש,BAYIT CHADACH
3580,1,8,אבודרהם,RABBI HVUDRAHAM
3581,1,12,"שח""ל",SHACHAL
3582,1,11,קנטור,KANTOR
3583,1,20,האסיף,HA'ASIF
3584,1,16,השילוח,HASHILO'ACH
3585,1,124,חיל השריון,HEIL HASIRYON
3586,1,4,פרי עץ חיים,PRI ETS HAYIM
3588,1,8,שטינברג,STEINBERG
3589,1,20,כרם חמד,KEREM CHEMED
3590,1,29,כוכבי יצחק,KOCHVEY YITZCHK
3594,1,2,3594,
3595,1,51,הקשת,HAKESHET
3596,1,8,החרמש,HAHERMESH
3597,1,19,המגן,HAMAGEN
3598,1,24,המצפן,HAMATSPEN
3600,1,68,גורי ישראל,GURI YISRA'EL
3603,1,8,הדגל,HADEGEL
3604,1,40,בורמה,BURMA
3605,1,7,שלושת החיצים,SHLISHET HACHITSIM
3606,1,8,המבצעים,HAMIVTSA'IM
3607,1,7,הקלעים,HAKALA'IM
3608,1,10,השיירות,HASHAYAROT
3609,1,12,המשלטים,HAMISHLATIM
3610,1,10,השופר,HASHOFAR
3611,1,9,החצוצרה,HACHATSOTSRA
3612,1,8,הקרן,HAKEREN
3613,1,9,הלפיד,HALAPID
3616,1,11,בוסל,BUSSEL
3617,1,8,"אז""ר",AZAR
3618,1,130,הותיקים,HAVATIKIM
3620,1,26,אסירי ציון,ASIREY TSIYON
3622,1,7,3622,
3623,1,10,"ניל""י",NILI
3624,1,8,מבקיעים,MAVKI'IM
3625,1,14,"גבעת כ""ח",GIV'AT KO'AH
3626,1,10,עמיקם,AMIKAM
3627,1,10,נס הרים,NES HARIM
3628,2,143,3628,
3629,4,128,3629,
3630,1,79,הקנאים,HAKANA'IM
3631,1,10,"תרפ""א",TARPA
3633,2,23,בית יצקר,BEYT YATSKAR
3634,1,20,די רוסי,DI ROSSI
3635,1,11,הזמיר,HAZAMIR
3636,1,17,מאירבר,MEIROV
3637,1,16,גוז'יקוב,GUZIKOV
3638,1,16,זולצר,ZULTZER
3639,1,13,מינקובסקי,MINKOVSKY
3640,1,21,אחרון יוסף,AHARON
3641,1,26,קפלנסקי,KAPLANSKI
3642,1,7,הכינור,HAKINOR
3643,1,6,גלאנץ ליב,LEIB GLANZ
3644,1,6,העוגב,HAUGAV
3645,1,31,זייד אלכסנדר,ZEID
3646,1,8,דריפוס,DREYFUS
3647,1,10,לקרט,LAQRAT
3648,1,14,דשבסקי,DASHEVSKY
3649,1,10,אופטושו יוסף,OPATOSHU
3650,1,26,רינגלבלום,RINGELBLUM
3651,1,26,צונזר,ZUNZER
3652,1,25,היהודי זיס,HAYEHUDI
3653,1,22,שילר שלמה,SCHILLER
3654,1,10,לבנדובסקי אליעזר,LEWANDOWSKI
3656,1,12,אנסקי,ANSKI
3657,1,23,ורשבסקי,VARSHAVSKY
3658,1,26,קמינסקה,KAMINSKA
3659,1,8,החזיון,HAHEZION
3660,1,9,גולדפאדן,GOLDFADEN
3661,1,11,זיגלבוים,ZYGELBAUM
3662,1,6,3662,
3664,1,14,דיק,DIK
3667,1,6,השרביט,HASHARVIT
3670,1,8,גיתית,GITIT
3671,85,230,בר-לב חיים,BAR LEV HAIM
3672,1,74,חירותנו,HERUTENU
3673,1,107,שתולים,SHETULIM
3674,1,60,שיבולים,SHIBOLIM
3675,1,500,תשרי,TISHREY
3676,1,56,אורים,URIM
3677,1,14,3677,
3679,149,149,3679,
3680,1,27,כסלו,KISLEV
3681,1,12,חשון,HESHVAN
3682,1,20,טבת,TEVET
3683,2,36,שבט,SHEVAT
3684,1,35,אדר,ADAR
3685,1,40,אייר,IYAR
3686,1,30,סיוון,SIVAN
3687,1,68,תמוז,TAMUZ
3688,1,14,אב,AV
3689,1,26,מלקוש,MALKOSH
3690,1,35,אלול,ELUL
3691,3,54,שרשים,SHORASHIM
3692,1,56,גבעולים,GIV'OLIM
3693,1,89,נתיבות,NETIVOT
3694,1,81,3694,
3696,1,12,זרעים,ZERA'IM
3697,17,23,פלג,PELEG
3698,1,6,זרת,ZERET
3699,1,22,יורה,YORE
3700,2,30,גופר,GOFER
3701,1,12,ישרש,YASHESH
3702,1,10,דגן,DAGGAN
3703,1,6,קמה,KAMA
3704,1,73,"שז""ר זלמן",ZALMAN SHAZAR
3705,1,23,אירוס,IRUS
3706,1,14,דקל,DEQEL
3707,1,52,שקד,SHAQED
3708,1,38,הלר חיים,HELLER
3709,1,49,גרוסמן מאיר,GROSSMAN
3710,1,22,קורקידי,QURQIDI
3711,1,22,שיק ארתור,ARTHUR SHIK
3714,1,34,גדיש,GADISH
3715,1,56,קהילת קנדה,CANADA COMMUNITY
3716,1,17,הגבורים,HAGIBORIM
3717,1,42,חריף אייזיק,HARIPH
3718,2,28,סהרון,SAHARON
3719,1,21,עירית,IRIT
3720,1,43,פיקוס,FIKUS
3724,1,40,צונץ,ZUNTZ
3725,59,999,היינה היינריך,HEINRIC
3727,1,21,הגיחון,HAGIMON
3728,1,16,משגב עם,MISGAV AM
3729,1,56,נמל יפו,NEMAL YAFO
3730,1,105,העליה השניה,HA'ALYIA HASHNIYA
3731,1,10,3731 (רחוב (37,
3732,1,10,3732 (רחוב (38,3732
3733,1,9,דה רוטשילד בת שבע,DE ROTHSCHILD BAT SHEVA
3734,1,25,מגן אברהם,MAGEN AVRAHAM
3735,1,32,אביצור שמואל,AVITSUR SHMUEL
3736,2,38,פסטלוצי,PESTALIZZI
3737,1,14,חביבי אמיל,HABIBI EMILE
3738,1,4,"ולבה יואל ד""ר       ",VALBE YOEL DR
3739,1,10,קיי דני (קמינסקי),KAYE  DANNY
3740,1,9,3740,
3741,1,6,3741 (רחוב (79,
3742,1,10,3742 (רחוב (81,
3743,1,30,סלסלה,SALSILA
3744,1,14,טימן יעקב,TIMEN JACOB
3745,1,16,תפוח,TAPUAH
3750,1,15,טרומן הרי ס,TRUMAN  HARRY  S
3751,1,7,אזוב,EZOV
3752,1,17,אהלי יעקב,OHOLE YA'AQOV
3755,1,25,גברן חליל גברן,GIBRAN KHALIL GIBRAN
3756,2,6,3756 (רחוב (181,
3757,1,20,אשדוד,ASHDOD
3758,1,4,מדרש תנחומא,MIDRASH TANHUMA
3759,1,10,שרירא,SHARIRRA
3761,1,34,מעון,MA'ON
3762,1,8,3762,
3764,2,24,פעמונית,PA'AMONIT
3765,1,8,גלעינית,GAL'INIT
3766,1,11,חיננית,HINANIT
3768,1,5,3768,
3770,1,51,מחרוזת,MAHAROSET
3771,1,5,צלאן פאול,TZALAN PAUL
3773,1,65,רובינשטין יצחק,RUBINSTEIN
3774,1,26,נרדור,NARDUR
3775,1,38,סומקן,SUMKAN
3776,1,8,חלמית,HALMIT
3777,1,1,3777,
3779,1,35,שלבים,SHLABIM
3780,1,10,3780,
3781,1,9,הירשביין,HIRSHBEIN
3783,1,14,3783,
3784,1,23,3784,
3785,1,25,3785,
3786,1,11,התנופה,HATNUPHA
3787,1,6,המפעל,HAMIF'AL
3788,1,6,המרץ,HAMERETS
3789,1,2,3789,
3790,1,4,אבולעפיה רבקה ושלמה,ABULAFIA RIVKA AND SHLOMO
3791,1,15,המגדלור,HAMIGDALOR
3792,1,29,המזלות,HAMAZALOT
3793,1,25,מזל קשת,MAZAL KESHET SIMTAT
3794,1,20,מזל דגים,MAZAL DAGIM SIMTAT
3795,1,4,מזל דלי,MAZAL D'LI SIMTAT
3796,1,3,מזל גדי,MAZAL G'DI
3797,1,27,מזל אריה,MAZAL ARYE SIMTAT
3798,1,3,שגב,SEGEV
3799,1,4,מזל בתולה,MAZAL BETULA SIMTAT
3800,1,999,קדומים,KEDUMIM KIKAR
3801,1,6,מזל טלה,MAZAL TALEH SIMTAT
3802,1,4,מזל מאזנים,MAZAL MOZNAYIM SIMTA
3803,1,8,מזל עקרב,MAZAL AKRAV SIMTAT
3804,2,10,מזל סרטן,MAZAL SARTAN SIMTAT
3805,1,13,שטרן,STERN
3807,1,72,3807,
3808,1,3,שנקר אריה,SHENKAR
3809,1,5,לוי יוסף גונדר,levi yosef
3811,1,28,ליוויק,LEIVICK H.
3812,1,8,3812,
3813,1,32,3813 וולובלסקי 2,
3820,1,38,3820,
3821,1,50,3821,
3822,1,2,3822,
3823,1,37,הולצברג שמחה,HOLTZBERG
3824,1,10,טוכולסקי קורט,TUCHOLSKY KURT
3825,4,24,קרוא ברוך,KARU
3826,1,24,מייזל זלמן,MAISEL
3829,1,36,שוקן זלמן,SHOKHEN
3830,1,47,ארבר מנחם,ARBER
3831,1,4,3831,
3832,1,3,3832,
3833,1,22,אטאטורק כמאל מוצטפה,ATATURK KEMAL
3834,1,502,הלוחמים,HALOCHAMIM
3840,2,18,מרזוק ועזר,MARZOUK AND AZAR
3841,60,69,באר שבע,BE'ER SHEVA SIMTAT
3842,1,13,אסירי ציון,ASIREY TSIYON
3843,1,105,"לח""י",LEHI
3846,1,2,3846,
3847,16,79,לבון פנחס,LAVON
3854,2,4,קהילת אוסטרליה,AUSTRALIN COM
3855,1,991,ידין יגאל,YADIN YGAL
3866,2,8,יוחננוף כהן שמואל,JOHANANOFF COHEN SHMUEL
3867,1,8,אלמוג דוד,ALMOG  DAVID
3868,1,8,ברלין ישעיה סר,BERLIN ISAIAH SIR
3874,1,17,3874,
3881,1,11,הייקל יוסף דר',DR HAIKAL YOSEF
3882,1,14,רינהרט מקס,REINHARDT  MAX
3886,1,999,טאג'יר שמואל וסולטנה,TAGGER SHMUEL AND SULTANA
3887,1,8,3887,
3888,1,8,3888,
3889,1,9,3889,
3890,1,14,3890,
3891,1,4,3891,
3895,1,14,3895,
3897,1,5,3897,
3898,1,2,3898,
3899,1,2,3899,
3900,1,2,3900,
3906,1,20,הארון אל רשיד,HARUN AL-RASHID
3907,1,9,3907,
3908,1,999,3908,
3920,2,10,3920,3920
3922,20,24,3922,3922
3931,8,8,3931,
3933,1,5,3933,
3937,1,8,3937,
3938,1,23,3938,
3941,20,22,3941,
3942,3,25,התחנה מנשיה,
3946,1,12,3946,
3947,14,31,3947,
3948,2,2,3948,
3952,1,7,3952,
4001,1,99,"אצ""ל",ETSEL
4002,1,39,גואל,GO'EL
4003,1,14,גדליה,GDALYA
4004,1,30,יורם,YORAM
4005,1,11,בלשן,BILSHAN
4006,1,35,ימין,YAMIN
4007,1,16,המכבש,HAMACHBESH
4008,1,35,דעואל,SE'UEL
4009,1,29,דורון,DORON
4010,1,9,היימן,HAYMAN
4011,1,24,הודיה,HODI'YA
4012,1,33,ברכיה,BERECHYA
4013,1,30,ורדיאל,VARDI'EL
4014,1,38,עבאס,ABAS
4015,1,32,זרח,ZORACH BARNET
4016,1,32,חפר,CHEFER
4017,1,105,התקוה,HATIKVA
4018,1,66,חנוך,CHANOCH
4019,1,42,טלמון,TALMON
4020,1,70,טרפון,TARFON
4021,1,55,יאיר,YA'IR
4022,1,52,יקותיאל,YEKUTI'EL
4023,1,118,כרמי,KARMI
4024,1,55,כביר,KABIR
4025,1,28,כביר,KABIR
4026,1,20,ליש,LA'YISH
4027,1,23,למואל,LEMU'EL
4028,1,22,"פ""ד",PHEY-DALAD
4029,1,22,מבחר,MIVCHAR
4030,1,94,מבשר,MEVASSER
4031,1,98,נתן,NATAN
4032,1,26,נוריאל,NURI'EL
4033,1,30,סימן טוב,SIMAN TOV
4034,1,57,סמדר,SEMADAR
4035,1,10,עוזר,OZER
4036,1,63,עזאי,AZAY
4037,1,60,פנואל,PENU'EL
4038,1,12,פלטיאל,PALTIEL
4039,1,16,צורישדי,TSURI-SHADAY
4040,1,22,צפריר,TSAFRIR
4041,1,90,קמואל,KEMU'EL
4042,1,87,קדמיאל,KADMI'EL
4043,1,15,רצון,RATSON
4044,1,64,רוני,RONI
4045,1,58,שמחה,SIMCHA
4046,1,40,ששון,SASSON
4047,1,33,תשבי,TISHBI
4048,1,22,תרדיון,TARDI'YON
4049,1,12,צלפחד,ZELOFHAD
4050,1,8,יונדב,YONADAV
4051,2,22,רשף,RESHEF
4052,1,42,ורד,VERED
4053,1,19,השכל,HASKEL
4054,1,98,שלמון,SHALMON
4055,1,26,יזהר,YIZHAR
4056,1,25,אחיעזר,ACHI'EZER
4057,1,47,יחיעם,YECHI'AM
4058,1,27,ותיק,VATIK
4059,1,30,לפידות,LAPIDOT
4060,1,52,הונא,HUNA
4061,1,27,לבלוב,KIVLUV
4062,1,28,אביטל,AVITAL
4063,1,34,וילון,VILON
4064,1,48,מושיע,MOSHIA
4065,1,38,שבתאי,SHABTAY
4066,1,32,בן חסד,BEN CHESED
4067,1,45,קלמן,KALMAN
4068,1,50,עברי,IVRI
4069,1,61,כצנלסון בת-שבע,KAZENELSON BAT-SHEVA
4070,1,71,נדב,NADAV
4071,1,53,בועז,BO'AZ
4072,1,10,ביתוס,BAYTOS
4073,1,8,אבימלך,AVIMELECH
4074,1,24,זבד,ZEVED
4075,1,5,נעמן,NA'AMAN
4076,1,6,רזי,RAZI
4077,1,33,הרן,HARAN
4078,1,34,אביאסף,AVI'ASAF
4080,1,40,לובטקין צביה,LUBETKIN
4081,1,60,ב',BEITH
4082,1,62,מנחם מדמון,MENAHEM   MADMON
4083,4,73,ד',DALET
4084,1,26,ה',HE
4085,1,50,ו',VAV
4086,1,50,ז',ZAIN
4087,1,50,ח',HEITH
4088,1,50,ט',TEIT
4089,1,36,י',YOD
4090,1,50,"י""א",YOD ALEPE
4091,1,40,"י""ב",YOD BEITE
4092,9,50,"י""ג",
4093,1,49,"י""ד",
4094,1,50,"ט""ו",TEIT VAV
4095,1,50,"ט""ז",TEIT ZAIN
4096,1,50,"י""ז",
4098,1,31,"י""ט",YOD TEITH
4099,1,36,כ',CHAP
4100,1,25,"כ""א",CHAP-ALEPH
4101,1,50,דן שיקה (ישעיהו),DAN SHAIKE
4102,12,50,"כ""ג (כפר שלם)",CHAP-GIMEL
4103,1,26,"כ""ד",
4104,1,50,"כ""ה",CHAP-HEI
4105,1,50,"כ""ו",CHAP-VAV
4106,1,50,"כ""ז",CHAP-ZAIN
4109,1,50,ל',LAMED
4110,1,49,"ל""א",LAMED-ALEPH
4111,1,50,"ל""ג",LAMED-BEITH
4113,1,50,"ל""ה",LAMED-HEI
4114,1,50,"ל""ו",LAMED-VAV
4115,1,50,"ל""ז",LAMED-ZAIN
4116,27,50,"ל""ח",LAMED-HEITH
4117,1,26,"ל""ט",LAMED-TEIT
4118,18,18,מ',MEM
4119,1,54,"מ""א                 ",MEM-ALEPH
4125,1,49,"מ""ח                 ",MEM-HEITH
4127,1,30,נ',NUN
4128,1,50,,
4131,1,999,הרב עובדיה בידאני,OVADIA BEIDANY
4132,5,15,"נ""ה",NUN-HEI
4133,1,30,"נ""ו",NUN-VAV
4134,1,49,"נ""ז",NUN-ZAIN
4135,1,50,"נ""ח",NUN-HEITH
4136,1,30,"נ""ט",NUN-TEIT
4137,1,52,"ס""א                 ",SAMECH-ALEPH
4138,1,50,"ס""ב",SAMECH-BEITH
4139,1,50,"ס""ג",SAMECH-GIMEL
4140,1,50,"ס""ד",SAMECH-DALAD
4142,1,50,"ס""ו",SAMECH-VAV
4145,1,92,"מח""ל",MAHAL
4146,1,91,ששת הימים,SHESHET HAYAMIM
4147,1,94,אלנקווה,ELNEKAVE
4148,1,30,צוקרמן אנטק יצחק,ZUCKERMAN ANTEK IZHAK
4149,1,33,תקוע,TEQOA
4150,1,95,בושם,BOSEM
4151,2,12,מור,MOR
4152,1,700,לבני איתן,LIVNI EYTAN
4153,1,16,אליעז רפאל,ELIAZ RAPHEL
4157,1,8,4157,
4158,1,15,4158,
4159,1,28,קורין עזרא,KORINE
4169,1,43,גרינבוים,GRUNBAUM
4174,1,14,צרעה,ZER'A
4175,1,22,מוצא,MOTZA
4176,1,176,מעפילי אגוז,MA'PILE EGOZ
4178,1,20,סנפיר,SENAPPIR
4180,1,32,רוטנשטרייך,ROTENSTREICH
4182,1,26,גולינקין מרדכי,GOLINKIN
4183,1,18,בדולח,BEDOLAH
4184,1,24,דוחן,DOHAN
4186,1,16,בירנית,BIRANITH
4195,1,11,ליבנה אליעזר,LIVNEH
4196,1,1,ריבולוב מנחם,RIBOLOV  MENACHEM
4197,1,26,הרצפלד אברהם,HARZFELD
4198,1,44,צלילי חנינא,ZLILEI HANINA
4199,1,28,סלע יעקב,SELA
4200,1,16,ואלין משה,WALIN MOSHE
4201,1,41,סרלין יוסף,SERLIN
4202,1,1,4202,
4203,1,6,4203,
4205,1,50,בר-כוכבא משה (בריל),BAR-KOCHVA MOSHE
4206,1,15,רצאבי זכריה,RAZABI  ZECHARIA
4207,1,23,מקראי קדש,MIQRAE QODESH
4208,1,2,4208,
4209,1,57,"ס""ה",SAMECH-HEI
4210,1,7,גביזון חי,GABIZON
4211,1,17,האחים אל-כוויתי,AL-KUWAITI BROTHERS
4212,11,38,טייב יצחק,TAIEB
4213,1,13,קהילת מקסיקו,MEXICO COMMUNITY
4214,1,3,פיינברג יוסף,FAINBERG  YOSEF
4216,1,20,בן-סירה יעקב,BEN-SIRA YAAKOV
4218,1,40,"רי""ז",RIZ
4219,1,14,גבירטיג מרדכי,GVIRTIG
4221,18,32,וולקר,WALKER
4224,1,6,4224,
4225,1,10,קהילת ברזיל,BRAZIL COM
4231,1,13,מרדור מוניה,MARDOR MUNYA
4233,1,14,אבידן שמעון,AVIDAN SHIMON
4234,1,13,לנר דן,LANER DAN
4825,46,55,4825,
4826,1,12,4826,
4834,1,12,4834,
4835,1,6,4835,
4836,1,6,הופנקו משה,HOPENKO MOSHE
4837,1,10,4837,
4842,4,8,4842,
4843,1,35,4843,
4844,2,28,קדושי השואה,KDOSHEY HASHOA
4845,1,20,4845,MADMON MENAHEM
4848,1,37,4848,
4849,1,16,אסא קדמוני,ASSA  KADMONI
4850,1,13,4850,
4852,1,8,אלבז נתן,ELBAZ NATHAN
4855,1,16,מהלל העדני,MAHALAL HA'ADANI
4856,1,20,4856,
4857,1,19,4857,
4859,1,20,4859,
4860,1,8,אפשטיין יעקב,EPSTEIN JACOB
4861,1,8,וקנין רפי,VAKNIN RAPHY
4863,1,10,4863,
4864,1,26,צוברי יוסף הרב,TZUBEYRI YOSEF
4865,1,16,4865,
4866,6,6,4866,
4867,1,2,4867,
4871,1,23,4871,
4872,1,9,4872,
4873,1,13,4873,
4874,1,44,שדמי נחום,SHADMI NAHUM
4875,1,25,"מאור יעקב שב""י ד'ר",MAOR YAKOV SHABI DR
4876,1,16,סנהדראי טובה,SANHEDRAI TOVA
4877,1,13,4877,
4878,1,8,4878,
4879,1,44,אונטרמן איסר יהודה,ISAR YEHUDA UNTERMAN
4880,1,17,"הרה""ג יחיא מחבוב    ",YIHYE MAHBOOB
4881,1,7,4881,
4882,1,6,4882,
4884,1,9,4884,
4885,1,7,4885,
4886,1,4,4886,
4887,1,8,4887,
4889,1,8,4889,
4890,1,12,4890,
4891,1,12,קדמן גורית,KADMAN GURIT
4892,1,19,4892,
4893,1,18,4893,
4894,1,6,מיו דריוס,MILHAUD   DARIUS
4897,51,51,4897,
5002,1,999,רכבת קלה קו אדום,RAKEVET KALA KAV ADOM
5010,16,999,נחל הירקון,HAYARKON RIVER
6540,3,11,הפרחים,
6543,12,14,הברכה,
7301,0,20,הצוק הצפוני,
7302,1,1,הצוק הדרומי,
7303,0,500,תל ברוך דרום,
7304,1,2,שרתון מעורב (מציצים),
7305,1,14,שרתון דתיים (נפרד),
7306,1,1,הילטון צפון,
7308,0,2,גורדון יהודה ליב,
7310,1,1,בוגרשוב,
7311,1,888,טרומפלדור,
7312,8,8,ירושלים,
7313,1,1,גאולה,
7314,1,3,אביב (הגולשים),
7315,4,998,צ'רלס קלור,
7319,2,2,גבעת עליה,
7482,2,2,ביר אלפרד,
9021,1,1,רדינג (ווקופ),
9044,11,11,ההגנה,
9070,999,999,הולכי רגל,
9071,999,999,אצטדיון ישן,
9072,999,999,אצטדיון חדש,
9073,1,1,הולכי רגל,
9074,999,999,שבע טחנות,
9076,999,999,9076,
9077,999,999,9077,
9508,999,999,מנהרת וולפסון,
9509,999,999,"קריית הממשלה ת""ק    ",
9510,999,999,"ת""ק רבי פנחס        ",
9513,999,999,מעבר תת קרקעי וולפסו,
9999,403,502,גבול עירוני,